{ "type": "FeatureCollection", "features": [{"type":"Feature","geometry":{"type":"MultiPolygon","coordinates":[[[[-74.08002219535213,4.8574284041774805],[-74.07366988249701,4.854886084648915],[-74.07409636567415,4.854121142960281],[-74.07429838617196,4.85342369594945],[-74.07380456979956,4.8531762107704735],[-74.07355766240023,4.852906229206406],[-74.07182930929466,4.852096276550536],[-74.07012339664436,4.852118758664775],[-74.06913100142489,4.852246573422487],[-74.06906947888298,4.852232978828632],[-74.06898217358382,4.852172447452043],[-74.06886918959941,4.852105477568731],[-74.06874465121251,4.852066839951674],[-74.06864106600258,4.852051328486308],[-74.06854684748244,4.852035774428259],[-74.0684931784007,4.852001080858176],[-74.06844308853624,4.851944853607788],[-74.0684144659004,4.8518599143245735],[-74.06836914720954,4.851751048830272],[-74.06831667243776,4.851645772039203],[-74.06823080319704,4.851527335103664],[-74.06817952037167,4.85148426648827],[-74.06809842139386,4.85140650495157],[-74.06806860602033,4.851358651580631],[-74.06806860660838,4.851323958390447],[-74.06808986702843,4.851247747074878],[-74.06811683086237,4.851167900062431],[-74.06813897556441,4.851119389052866],[-74.06818310424613,4.851087089086967],[-74.06825549514663,4.851054569197045],[-74.06831712261992,4.851027524561503],[-74.06837618254534,4.850986314311949],[-74.06839800993663,4.8509296479562645],[-74.06840443104795,4.850870406424416],[-74.06839420615918,4.850742552442346],[-74.06837362059805,4.850611543810271],[-74.06832868404737,4.850498211941303],[-74.06828760101862,4.8504003328754335],[-74.06827219573937,4.850310182247602],[-74.06832997273297,4.850213592170592],[-74.06838944332978,4.850152767335639],[-74.06845026869037,4.850126448558283],[-74.06850274424285,4.850136019863716],[-74.06858932192849,4.850189126355908],[-74.06867149139066,4.850266399698682],[-74.06877163401793,4.850383597137599],[-74.06887484424412,4.8505020989141485],[-74.06901676597188,4.85064924791446],[-74.06912887364832,4.850701886731786],[-74.06928749475617,4.850753330921914],[-74.06939363921195,4.850780847478702],[-74.06948905064807,4.850790419135754],[-74.06952960100102,4.850782045491253],[-74.06956180194804,4.8507605114862615],[-74.06959281145033,4.850729407487758],[-74.06961547243242,4.850683948122572],[-74.06963932541679,4.850618151012411],[-74.0696476754835,4.850530819532171],[-74.0696314562777,4.85044109560458],[-74.06959281606542,4.850339168750088],[-74.06957993657987,4.850250162510701],[-74.06960489469068,4.850132472943604],[-74.0696716590348,4.8499817936319465],[-74.06971402938055,4.849868460847885],[-74.06974484492403,4.849744825997893],[-74.06976025342071,4.849628918198112],[-74.06976282216351,4.84951043522331],[-74.0698090447714,4.849384223963309],[-74.06987067342702,4.849245134998997],[-74.06989763706306,4.849173015688687],[-74.06995027736679,4.849097030828408],[-74.0700054860529,4.849028774614671],[-74.07002543993222,4.848988530996011],[-74.07003116538664,4.848945873125307],[-74.07002353307077,4.8489119673553756],[-74.0700042037277,4.848878904196593],[-74.06993050781084,4.848796162079356],[-74.06986992316548,4.848739216421576],[-74.06981076871837,4.848686578012645],[-74.06971789566634,4.848635972043291],[-74.06965241707093,4.8485973357138965],[-74.06957153135352,4.848556122421235],[-74.06951632333008,4.8485226375128745],[-74.06948446519645,4.848487219717138],[-74.06945598174615,4.848437637152391],[-74.06945059505752,4.84839534188911],[-74.06944964206296,4.84835275279618],[-74.06945393560925,4.848310164548767],[-74.06946625486654,4.848267639487641],[-74.06949639460454,4.8482331213221155],[-74.06954328955797,4.848198094952865],[-74.06961947557322,4.8481489026139455],[-74.0696703969361,4.848118248544792],[-74.06975000062683,4.848034537418832],[-74.06977054357087,4.847970144155174],[-74.06975000187997,4.847908326690373],[-74.0696806720627,4.847813023351109],[-74.06962289724805,4.847668782402378],[-74.06960107272542,4.847561889105258],[-74.06961904821566,4.8474923434198836],[-74.06964330073751,4.847465098410351],[-74.06968945580786,4.847432439455983],[-74.06974527138371,4.8474094706172375],[-74.06979858281179,4.847401217032463],[-74.06984867280003,4.847409830990366],[-74.06990913916125,4.847457205743564],[-74.06994515880709,4.847492347769566],[-74.07006327767543,4.847622423238204],[-74.07012747200501,4.847657197011585],[-74.07020707405681,4.847670076274463],[-74.07028667652254,4.8476430321408825],[-74.07039324055033,4.847604397350191],[-74.0705062245694,4.847578640885813],[-74.07063846634996,4.847556748495775],[-74.07075915365698,4.847547734655294],[-74.07083747200538,4.8475258411202375],[-74.0708849770968,4.847503948888706],[-74.07095302438971,4.847439555861614],[-74.07097485126441,4.847368722879082],[-74.07098640673622,4.847296602823612],[-74.07097356932881,4.847196148209941],[-74.07095174357154,4.84707895275792],[-74.07093376977149,4.846992665653633],[-74.0709055243629,4.846888347805627],[-74.07087185654797,4.846840386130393],[-74.07083321544822,4.846806888453407],[-74.07078312554181,4.846802102751648],[-74.0707339892178,4.846809597050674],[-74.07063384477297,4.846817323412883],[-74.07057274463172,4.846819328229977],[-74.07050595711368,4.846806885450069],[-74.07035091454487,4.846765251948539],[-74.0701753597268,4.846710219567742],[-74.07005275714297,4.846680549239662],[-74.06999217132729,4.846661886327276],[-74.0699540071953,4.8466456158715],[-74.06991563931487,4.846621749613043],[-74.06990200894961,4.846588670110777],[-74.06988912920974,4.846552302067755],[-74.0698835431849,4.846495537449612],[-74.06989056101165,4.846463774743663],[-74.06989887384677,4.846436183702782],[-74.069933539694,4.846376942719468],[-74.06997070740904,4.846340315557179],[-74.07002509162379,4.846298205794394],[-74.07011907230947,4.846233127352161],[-74.07016248494445,4.846191016806996],[-74.07018872334015,4.8461469928291105],[-74.07020494354138,4.846098661701341],[-74.07021066869942,4.846034538879775],[-74.07021019285958,4.845957974311563],[-74.07021591792859,4.845886674210564],[-74.07022832223686,4.845805803116674],[-74.0702454966328,4.845747901064988],[-74.07034949653057,4.845559362417341],[-74.07038098219729,4.8455062465429535],[-74.07040912913115,4.845456957988492],[-74.07044967885835,4.845424897458708],[-74.07049977006578,4.845398100445117],[-74.0705427046016,4.845394750804323],[-74.07060639093169,4.845393130131199],[-74.07076045940016,4.845391843640098],[-74.07083847740262,4.845368913289349],[-74.07094919299351,4.845287529249944],[-74.07103393134847,4.845232150976409],[-74.0711392117435,4.845129122148503],[-74.07121785707642,4.845052634236488],[-74.07126503465932,4.845015791726811],[-74.07129227802704,4.8449937759049195],[-74.0713317974353,4.844944959010432],[-74.07135234112702,4.844887005357994],[-74.07137802005833,4.844798142327152],[-74.07138627936182,4.844685286273524],[-74.07138508754328,4.844584795339531],[-74.0713895768547,4.844503221067183],[-74.07141012052824,4.8444452674122696],[-74.07146404505339,4.844413071042505],[-74.07151747168174,4.844412527020078],[-74.07157948829104,4.844425686593422],[-74.07162182590547,4.844465165544856],[-74.07164090768902,4.844519598698367],[-74.07165534307693,4.844633297805311],[-74.07167966670286,4.844675718430525],[-74.071717830927,4.844703233796914],[-74.07177030619295,4.844718786218286],[-74.07183380508947,4.844722162409749],[-74.07188360700921,4.844701440674687],[-74.07192496223338,4.844668072947626],[-74.07194807210333,4.84459337647202],[-74.0719506416141,4.844492923448687],[-74.07193138280732,4.844413075144347],[-74.07190313821714,4.844306181102651],[-74.07188131273226,4.844212167198692],[-74.07188062974672,4.8441565179826105],[-74.07189800413273,4.844106562415508],[-74.07192177596242,4.844067990063377],[-74.07195834869135,4.844031866292842],[-74.0720076458146,4.844004586474863],[-74.07206548880457,4.843993819691828],[-74.07214451350522,4.843991943733237],[-74.0722008526328,4.8439920260429865],[-74.07226704302644,4.843983652747729],[-74.0723141522243,4.843962119284121],[-74.07236185755113,4.8439124723861315],[-74.07241552642715,4.843845478793621],[-74.07248171832097,4.843760540898846],[-74.07250258957193,4.84373960533456],[-74.07252912535031,4.843711542118079],[-74.07257593626709,4.84369175324401],[-74.07262423795916,4.843689360658606],[-74.07267604887384,4.843695738034991],[-74.0728309348998,4.843732061270277],[-74.07292575888513,4.843750335584863],[-74.07298695101302,4.8437700151583885],[-74.0730327280723,4.843791568845996],[-74.07307196555996,4.843818276901124],[-74.07316007661237,4.843874755391584],[-74.07320602665463,4.8438932474214695],[-74.073251335743,4.843897464446628],[-74.07329337616613,4.843890436516493],[-74.073322804881,4.843878254533248],[-74.0733498968765,4.8438641978176715],[-74.0733737200859,4.84383186711569],[-74.07338866856865,4.843788759796635],[-74.07339614254192,4.843724567311432],[-74.0733919392175,4.843650066497957],[-74.07337272015178,4.843530593140785],[-74.07336678649257,4.843448472146054],[-74.07337839429441,4.843345504201905],[-74.07337449051231,4.843238550146526],[-74.07336344788875,4.843136058056809],[-74.07335831025127,4.843071865783701],[-74.07336765273423,4.842979559843335],[-74.07339375256365,4.842807113957831],[-74.07342370811807,4.8426712486293075],[-74.07344379441629,4.8425976856902],[-74.07347649322321,4.8425250590166655],[-74.07350872368002,4.842467425994254],[-74.07353908659853,4.842442124207068],[-74.07357785656731,4.8424299420521075],[-74.07363250943195,4.842425256894915],[-74.07368622699109,4.84242572601271],[-74.0737469511622,4.842436034385629],[-74.07379561360217,4.842455528798015],[-74.07391116359268,4.842508332197538],[-74.07395855266853,4.842525061469695],[-74.07401387438908,4.8425315137085985],[-74.07405150806439,4.842522719512131],[-74.07408320564825,4.842501893081267],[-74.07415510286819,4.842443939320238],[-74.07423727207461,4.842374395052312],[-74.07431430713267,4.842289396214247],[-74.07434999482149,4.842259391095873],[-74.07439483750197,4.842241117134223],[-74.07443921279312,4.842239711593654],[-74.07448358821361,4.8422453350838905],[-74.07452516135366,4.842266888749567],[-74.07461905113253,4.8423090593905425],[-74.07469752561583,4.842338578771813],[-74.07475778305158,4.842351699218674],[-74.07481570455836,4.842356853285649],[-74.07487409427215,4.842341391190121],[-74.0749109960828,4.84232686598331],[-74.07495397028372,4.842288444112551],[-74.07499180678242,4.842237371704585],[-74.07501983327906,4.842182081702411],[-74.07505159758624,4.842118826111464],[-74.07507542020167,4.842063067947603],[-74.07509130258153,4.84204338887555],[-74.07511605940772,4.842019960993089],[-74.07515436247405,4.842004967504946],[-74.07520294224658,4.841989973813237],[-74.07526366680727,4.841974979878926],[-74.0753398061774,4.841947335000319],[-74.0754009980942,4.841915473532858],[-74.07546078854128,4.841874709187435],[-74.07550002577553,4.841844252871448],[-74.07552338197014,4.841809579090399],[-74.07555094138597,4.841743044067292],[-74.07557196133648,4.841685412075227],[-74.07558410618691,4.841643710387873],[-74.0755925149665,4.8416066938942945],[-74.07560419241902,4.841579985861011],[-74.07563175267532,4.841556089662154],[-74.07566818662701,4.841536410160107],[-74.07571676642111,4.841524696827994],[-74.07577422185635,4.8415242283188],[-74.07583634726453,4.841534536475972],[-74.07589638574635,4.841551303318475],[-74.07596059866559,4.841583267100589],[-74.07600637601013,4.841621219859532],[-74.07605682352188,4.841678853089382],[-74.07607363996422,4.841727114973749],[-74.07607966126122,4.841805164602638],[-74.076079661126,4.841928800027435],[-74.07609163142043,4.842074602510333],[-74.07609735614848,4.842191363354312],[-74.07610594257187,4.842290896858639],[-74.07611357564096,4.842393301294427],[-74.07613202151381,4.842447774110508],[-74.0761768691804,4.842497253008948],[-74.07621610117921,4.842517758953756],[-74.0762727512684,4.842526731163223],[-74.07633297881127,4.842530320332074],[-74.07638008708123,4.842518357496519],[-74.07641944437943,4.842498019824106],[-74.07645164545141,4.842468709799407],[-74.07647549825425,4.8424388024485925],[-74.07650412059851,4.842397528858815],[-74.07652678077781,4.842349078116679],[-74.07652857009339,4.842289861000627],[-74.07650829559473,4.842227652320193],[-74.07648205746422,4.8421313480726145],[-74.07645164554414,4.842008127306156],[-74.07638307014132,4.841893280545537],[-74.07634490586416,4.841822099737374],[-74.07627811919738,4.841660596088424],[-74.07623518469852,4.841567283319057],[-74.07621073665226,4.841487129708756],[-74.07620163181623,4.8414188038229735],[-74.076203580852,4.841368694797498],[-74.07622802973573,4.841317252890281],[-74.0762638084582,4.841294522573998],[-74.07630674276407,4.841293925063572],[-74.07637830054097,4.841307083996043],[-74.07644031715121,4.841329216533305],[-74.07651366321005,4.841360918828813],[-74.07657150618489,4.841405182595575],[-74.07665081494271,4.841468587714495],[-74.07673549134755,4.841549937714203],[-74.07679154535047,4.841584033085154],[-74.07685773533778,4.84161154845214],[-74.07694241220318,4.841630090899153],[-74.07711534321582,4.84165401793733],[-74.07721194565752,4.841661794163165],[-74.07730974038901,4.841672560580091],[-74.07742004451764,4.841707287421751],[-74.07748326798597,4.8417359652614405],[-74.07755244047637,4.8417485266201705],[-74.07760491599703,4.841740153119269],[-74.07768780360723,4.841697683212166],[-74.077730737742,4.841649830364808],[-74.07773908585854,4.841566686716189],[-74.07772716012312,4.841491916732517],[-74.07767885874865,4.8414225296516165],[-74.07760312707535,4.841342376378872],[-74.07751129451863,4.841258633924252],[-74.07745166379588,4.84118266821519],[-74.07742125155968,4.841130628208484],[-74.07741290336685,4.841092944063915],[-74.07741349952299,4.841035520386901],[-74.0774338468356,4.840929414593607],[-74.07746658617528,4.840838620347167],[-74.07752126097006,4.840735811333604],[-74.07760903778887,4.840641062882619],[-74.07763992036153,4.840612556433],[-74.07797504768656,4.840861390477281],[-74.07824219587876,4.841057586883129],[-74.07858447902464,4.841317187272245],[-74.07910804289597,4.841717952952223],[-74.08043543995932,4.842680985955132],[-74.0811176253246,4.843166687988202],[-74.0813668853428,4.8433198154517845],[-74.08190714916077,4.843697848892834],[-74.08275392021312,4.844297198485777],[-74.08364362850507,4.844906117439184],[-74.08423517715106,4.8452949159739225],[-74.0846561795933,4.845580831547324],[-74.08540614471582,4.846086870062303],[-74.08580250789687,4.846348356804432],[-74.08659578312931,4.846848000694572],[-74.0868287783463,4.847009070528668],[-74.08688073036242,4.847043810617821],[-74.0946324394401,4.848453624450185],[-74.0939703624526,4.84960292267873],[-74.09386693218732,4.849877952885739],[-74.09376110770559,4.850408507814622],[-74.0936539052785,4.850690023925169],[-74.09307366336283,4.851678222762638],[-74.09295389751844,4.8520424606135215],[-74.0929413272581,4.852162200586296],[-74.09285999255609,4.8524535827716155],[-74.09253784403649,4.85313802581118],[-74.09220129718987,4.853625428685237],[-74.09131005086762,4.854546636243194],[-74.09114352305218,4.854745542613053],[-74.09054474476169,4.855575101409194],[-74.09030354564652,4.856203504722884],[-74.0899202641964,4.856657474403914],[-74.08925292495958,4.857052338716779],[-74.0885978086748,4.857568604515016],[-74.0883596282696,4.857862421192136],[-74.08729228479197,4.859960955672081],[-74.08002219535213,4.8574284041774805]]]]},"properties":{"area_1":"336.135950398","area":"336.135950398","shape_area":"3361359.50398","objectid":"1","nombre":"Vereda Cerca de Piedra","shape_leng":"9075.89881289","id":"0","perimetro":"9075.89881289","shape_le_1":"9075.89881289","cod_vereda":"0002"}},{"type":"Feature","geometry":{"type":"MultiPolygon","coordinates":[[[[-74.03601596246318,4.863253197403403],[-74.03594297213833,4.863238837330176],[-74.03584846854824,4.863210384913077],[-74.03573974720734,4.863155561320838],[-74.0356796394963,4.863111054453864],[-74.03562735217005,4.8630443471476665],[-74.0355995034737,4.8629416504658245],[-74.03558806168719,4.862813882774964],[-74.03559093043354,4.862713392903414],[-74.03560524991114,4.862579884398726],[-74.03563101727053,4.862486573599503],[-74.0356899487246,4.862349049727406],[-74.03572978623639,4.862229610213153],[-74.03578561213574,4.862070264221158],[-74.03582757115184,4.861946411752447],[-74.03586434262394,4.861831962756612],[-74.0358958362997,4.8617070685400705],[-74.0359216036404,4.861612322271902],[-74.03594021452122,4.861523316642654],[-74.03596312021125,4.86141565026267],[-74.03597887160872,4.861280706344523],[-74.03599748408759,4.861173038893244],[-74.03601752612116,4.86108116240555],[-74.03603106844615,4.860977010176275],[-74.03601610924086,4.860851469655416],[-74.03598319785752,4.8607466702262405],[-74.03595028631928,4.860646177160384],[-74.03590020089838,4.860551426153866],[-74.0358472523518,4.860459545038882],[-74.03576711296702,4.86033751559617],[-74.0357084403672,4.860241327882426],[-74.03565262924323,4.860162367543864],[-74.03558966040032,4.860099198734755],[-74.03550951813395,4.860030285618565],[-74.03542937565946,4.859967115217107],[-74.03534637017306,4.859903943789247],[-74.03527052052196,4.859850822627716],[-74.03517177236132,4.859790522369655],[-74.03507445329966,4.859757497608798],[-74.03496854605842,4.859747441579899],[-74.03485405114301,4.8597474342791],[-74.03477247267963,4.859764656458686],[-74.03468230534217,4.859799104646288],[-74.03459929397891,4.859839295836215],[-74.03451341923095,4.859888099629858],[-74.03445187541834,4.859932598943368],[-74.03438890070954,4.859972791827445],[-74.03431733842146,4.860020160725276],[-74.03424720730375,4.860064659667969],[-74.03413270841496,4.8601163331464905],[-74.03400819200587,4.860169441645576],[-74.033912299777,4.860195275857772],[-74.03380352814783,4.8602168022498375],[-74.0336918951618,4.8602196666847295],[-74.03362033723833,4.86020387006175],[-74.03354877895771,4.860175154335637],[-74.03350012172282,4.8601363904788615],[-74.03345718946976,4.860080399591752],[-74.03341833596978,4.860023553748139],[-74.03341139973699,4.859956936769202],[-74.03341140491966,4.859876544053988],[-74.03342715463091,4.859792907767516],[-74.033485370652,4.859658019030241],[-74.03359416349583,4.859515045776939],[-74.03369905047461,4.859375389797702],[-74.03391590998851,4.859123454778409],[-74.03401399127063,4.859003749302483],[-74.03408984920547,4.858916184253199],[-74.03416740898501,4.858839589468775],[-74.03424872313909,4.8587381817037985],[-74.03431558929994,4.8586241905061],[-74.03437596848501,4.858495956573229],[-74.03440331137794,4.858418057130261],[-74.03442335130386,4.858359199767319],[-74.03443623810996,4.858268758482939],[-74.03444053623139,4.858191237752276],[-74.03443767716635,4.858138121275222],[-74.03441764812946,4.858017530473673],[-74.03437740924703,4.857946366231451],[-74.03431461162495,4.857891193552524],[-74.03421729363983,4.857839505942856],[-74.03415146042344,4.857817967791056],[-74.03404126055997,4.857802169620237],[-74.03394537159468,4.857800727481037],[-74.03383660076689,4.857812205696057],[-74.03372496608203,4.857843781049959],[-74.03356896244533,4.857914114521906],[-74.03337574661609,4.858008850024316],[-74.03313169944572,4.858142605444931],[-74.03297607716414,4.858248391282316],[-74.03279609332866,4.858357658004107],[-74.03262434319578,4.858472493299262],[-74.03246261253942,4.858580150808356],[-74.03231519371167,4.858679196176114],[-74.03216634434735,4.858765321448082],[-74.032021789155,4.858848575063098],[-74.03193107667542,4.8589015418572625],[-74.03180280861642,4.858977762599979],[-74.03166684072998,4.859058146515273],[-74.03150940315987,4.859161497619579],[-74.03137638056788,4.859254449071693],[-74.03128755823192,4.8593165248565775],[-74.03121618942191,4.859386642865845],[-74.03113441100368,4.85946007242425],[-74.03103293099564,4.85955630383382],[-74.03095836198023,4.859648121626709],[-74.03089252235911,4.859725638594879],[-74.0308281137197,4.859804591077412],[-74.03077515350145,4.859884980441669],[-74.03072648676621,4.85997828999951],[-74.03069213311271,4.86005724385875],[-74.03065491413197,4.860166345754344],[-74.03062694488155,4.8602733446111674],[-74.03060273203057,4.8603930014978],[-74.03056547853785,4.860585110288794],[-74.03054610401448,4.860744877878804],[-74.03053645331651,4.860862188813713],[-74.03052541823266,4.861061186834766],[-74.03051815707573,4.86124475750511],[-74.03049974399092,4.861386901038606],[-74.03047877762714,4.861611964574299],[-74.03043868768731,4.861850268111102],[-74.03039144582064,4.8620340195015554],[-74.03035565667892,4.862166089623056],[-74.03033132144597,4.862240738466339],[-74.03028804159864,4.862355752713352],[-74.03023046882524,4.862495440200093],[-74.03015239390403,4.862642689067007],[-74.03006961018947,4.862753932912723],[-74.03001085798694,4.862810893646677],[-74.0299897907548,4.862838921080309],[-74.02409208492466,4.86224734296384],[-74.02134266300997,4.86181652573097],[-74.01945251573552,4.860610702232655],[-74.01833552192342,4.860955080407247],[-74.01799182450662,4.861127288256485],[-74.01515646052431,4.861040913217858],[-74.01378182319935,4.860093477775216],[-74.01249325016902,4.857682028419393],[-74.01120509045737,4.851136873908259],[-74.00983054766687,4.849500480664652],[-74.00828408572102,4.848725254570576],[-74.00785475601879,4.846141646061551],[-74.00888587322531,4.845194443900181],[-74.0086283970668,4.842438615211527],[-74.00768333483182,4.842094043467107],[-74.01077795726846,4.825990130343832],[-74.01052028579869,4.8252150350791245],[-74.00651731975981,4.824337479352336],[-74.00611365973884,4.8235304207662],[-74.00576111429916,4.8224917723063205],[-74.00556393803777,4.821471426865605],[-74.00554964279654,4.8213602438128955],[-74.00515003929543,4.820700155602121],[-74.00512665683553,4.819497927417794],[-74.00409240934327,4.817659119255714],[-74.00386664241917,4.817364175212905],[-74.00383384414265,4.817240809946919],[-74.00383385246066,4.817164056423645],[-74.00436086035785,4.817164113893879],[-74.00537881796222,4.817644490521774],[-74.00556276125705,4.817697827392496],[-74.00730941273986,4.818789179812482],[-74.00853308487197,4.819583237149704],[-74.00919383501893,4.820181966227088],[-74.00931136442617,4.820394136322877],[-74.00965468121494,4.820715380517339],[-74.00999018255506,4.8210293101651125],[-74.01455262361667,4.8213379711111415],[-74.01617207156949,4.82087422176288],[-74.01685959020712,4.821447572561514],[-74.0180227845055,4.821885027239192],[-74.01945865358041,4.821848706011228],[-74.0198584793077,4.822267869711719],[-74.02098532961543,4.822668870230635],[-74.02194863657445,4.82263250335515],[-74.02302104530247,4.821976562002979],[-74.02409341584861,4.821794417216554],[-74.02469319977743,4.821903802675104],[-74.02525659253995,4.8225416515004955],[-74.02575707378958,4.822832566190484],[-74.02634709988546,4.822869749284467],[-74.02714682676951,4.82283336283389],[-74.0282736913616,4.8231067909163],[-74.0289423091831,4.823111344321914],[-74.02960313193863,4.823066217968972],[-74.02988847791761,4.823171642634842],[-74.03028579706302,4.8231940681249],[-74.03036455964215,4.82319851375067],[-74.03123892384903,4.8232092546646115],[-74.03137634106557,4.823244292148021],[-74.03146930001745,4.823267994916416],[-74.0317394669461,4.823291400944658],[-74.03211198008604,4.823396060198846],[-74.03250471847157,4.823577854223254],[-74.03286466330687,4.823929383936148],[-74.03320478839957,4.824320170728947],[-74.03349549536318,4.824598838711607],[-74.03382095753636,4.824760288698382],[-74.03482995193593,4.82559380207964],[-74.04073086266074,4.8267426131972515],[-74.04101696835095,4.828953427579873],[-74.04318389081718,4.831948474922983],[-74.04380972905093,4.8328264452414995],[-74.04410993476355,4.833104644274029],[-74.04404840804045,4.8331981425646315],[-74.04398337611563,4.8333167024857335],[-74.04392761923582,4.833448390563292],[-74.04387600988207,4.833560841100867],[-74.04383697725324,4.833656159600307],[-74.0438142723177,4.833718469366957],[-74.04379909671212,4.833768681908879],[-74.04376739604963,4.83385179741356],[-74.04375039214835,4.833897466704133],[-74.0437261593214,4.8339764514023225],[-74.04369121866597,4.834141143759326],[-74.04366712523446,4.834263682081688],[-74.04367470578194,4.834358493810264],[-74.04368993213585,4.8344668973817795],[-74.04373492146765,4.834570245113851],[-74.04378620040475,4.834653391766732],[-74.04383926750141,4.83472577163756],[-74.04389472068529,4.834803535432496],[-74.04397342859006,4.834885486888184],[-74.04404975237945,4.834956671445998],[-74.04414038790583,4.835035035460121],[-74.04425904873023,4.83512057747477],[-74.04440752313866,4.835232441156209],[-74.04448503814959,4.83534549708559],[-74.04450888470983,4.8354639336845855],[-74.04446236657549,4.835582965071703],[-74.04434231205154,4.835688700308997],[-74.04422083307539,4.835748621112822],[-74.04405809767368,4.835822160466443],[-74.04395210679148,4.835873481548177],[-74.04385033090831,4.835910600025642],[-74.04377601036506,4.83593735736376],[-74.04359563055482,4.835976120669579],[-74.0433999727881,4.836014273350197],[-74.04324712962416,4.83603458519546],[-74.04306981620755,4.83604569241167],[-74.04289559056248,4.836040105710577],[-74.04273669639971,4.836021777465899],[-74.04259321989247,4.836002833137439],[-74.04246872301826,4.83595989605383],[-74.0423303798164,4.835896282735001],[-74.04222402034966,4.835818682756834],[-74.04206113414581,4.835678617067563],[-74.0419569802456,4.835587025029815],[-74.04188125316054,4.835515840255847],[-74.04180552612662,4.835443458657223],[-74.04171966256806,4.835357918097918],[-74.04162664378703,4.835248450030054],[-74.04150348824172,4.835077449867419],[-74.04138479811444,4.834929461409675],[-74.04129213758746,4.834836897881852],[-74.04119911774553,4.834766908415962],[-74.04114724001946,4.834737595678435],[-74.04108594961876,4.834717258768495],[-74.04102379347891,4.834718075822783],[-74.04096894528351,4.834728614064874],[-74.04093370481286,4.834744807053125],[-74.04091860050667,4.834754609810744],[-74.04088661283782,4.83478086103425],[-74.04086624908335,4.834803435391075],[-74.04084132806952,4.834861397939956],[-74.04082420922462,4.83491603784863],[-74.04079480815058,4.835018711824184],[-74.04078560171276,4.8350893923879035],[-74.0407894282814,4.835253189991432],[-74.04078937891276,4.8353631587701145],[-74.04080640824016,4.835522362962799],[-74.04081713502309,4.835651566104613],[-74.0408397869939,4.8357975178111055],[-74.04086601657946,4.835941077803203],[-74.04089821164409,4.8360583188722135],[-74.04094185456118,4.836184084444996],[-74.04097977437252,4.8362795524926],[-74.04100266961159,4.83634056551046],[-74.04104591051819,4.836441435661669],[-74.0410943411752,4.836540347132352],[-74.04115006009069,4.836645635213175],[-74.0412187485269,4.836771970112349],[-74.04129745417703,4.8368954343972135],[-74.04133394610159,4.836949988264513],[-74.04137329907368,4.8370074140328105],[-74.04144055536923,4.837143797961792],[-74.04147275119931,4.837240701262536],[-74.04151854093259,4.837362728165163],[-74.04159152191342,4.837510597707264],[-74.04167158124964,4.83766383323832],[-74.0417625273397,4.837817103433418],[-74.04185125114198,4.8379434388615445],[-74.04195357186163,4.8380554201181765],[-74.04205160006599,4.8381501739522115],[-74.04221903813709,4.83827292480556],[-74.04239434649524,4.838408596757021],[-74.0425388859258,4.838523450957362],[-74.04263333760801,4.838587338682818],[-74.04286660649724,4.838736651705521],[-74.0431657069652,4.838914679212567],[-74.04334674088977,4.839041737434716],[-74.04347267538766,4.839163050475959],[-74.04358716104687,4.839277902727199],[-74.04367731774094,4.839387729303129],[-74.04373384488096,4.839453051306582],[-74.0437960970131,4.839518373458638],[-74.04384188943578,4.839594461085498],[-74.04386836223075,4.839669112737788],[-74.04386694799912,4.839749620269678],[-74.04383686950834,4.839818411978943],[-74.04379775032247,4.839867863657619],[-74.04374938918663,4.839909235673947],[-74.04369088700489,4.839933251773981],[-74.04359571479392,4.839944731042733],[-74.04349338907572,4.839930370087016],[-74.04337889817553,4.8399052419584185],[-74.04328015198267,4.839852120140307],[-74.04319428599072,4.8397954100243865],[-74.04310555844826,4.839721473441703],[-74.04300466677024,4.839632462411126],[-74.04291808716181,4.839542016311512],[-74.04279501420861,4.839439365985819],[-74.04270843352859,4.839356814867251],[-74.0426068262635,4.839274264212652],[-74.04250164167944,4.839184534351931],[-74.04239645708194,4.83909624083473],[-74.04227338461939,4.838982105861197],[-74.0421834649498,4.83891223594628],[-74.04208901242673,4.838846194070633],[-74.04198025024179,4.8387629244796635],[-74.0418714870555,4.838683962143221],[-74.04169975565817,4.838569106085318],[-74.04160673506307,4.838505935097046],[-74.04149367903726,4.838422665298648],[-74.04135200170994,4.838312118234831],[-74.04123894587828,4.838224542025495],[-74.04114735713472,4.838136966456451],[-74.04105290638084,4.83804939078667],[-74.04099423297919,4.8379876571320635],[-74.04094987052333,4.837930232092008],[-74.04090407679261,4.837881419741061],[-74.04085112735142,4.83782399352378],[-74.04080390136129,4.837786665674004],[-74.04075381285294,4.837765128652308],[-74.04067366855028,4.837770867061536],[-74.04057921156073,4.837799573211398],[-74.04047330417718,4.837842635353979],[-74.04034879067116,4.837920149640859],[-74.04026578050289,4.837989053401268],[-74.04020853073112,4.838076620714986],[-74.04018849055237,4.838149834658798],[-74.04018562329459,4.83822879097783],[-74.04021972401956,4.83832558501896],[-74.04025001661387,4.838391015848503],[-74.04028435933829,4.838472846077947],[-74.0403187022531,4.838548933577347],[-74.04036449340367,4.838650862360323],[-74.0404203026885,4.838749920546249],[-74.04046752628498,4.8388360584469075],[-74.04050759484659,4.838892047925202],[-74.04054766449617,4.83894229557694],[-74.04061778685684,4.839008335997342],[-74.04069220327902,4.839071505633076],[-74.04077377458808,4.839141853668309],[-74.04086822594503,4.839213638454509],[-74.0410399572312,4.83933280108928],[-74.04116732557092,4.839408893216711],[-74.04126750255357,4.83946201538643],[-74.0413533686675,4.839507958922402],[-74.04147358270738,4.839559646214412],[-74.0415666051073,4.839596976299504],[-74.04178556564209,4.839687429235852],[-74.04200595832496,4.839772140319493],[-74.04223779914577,4.839859723480556],[-74.04244817446852,4.839924335032753],[-74.04260846102078,4.839970282355478],[-74.04277447057606,4.840023407082346],[-74.04286892377073,4.840073657940975],[-74.04291214235839,4.840120795084745],[-74.04293694543304,4.840188746725142],[-74.04294552873942,4.840257655181677],[-74.04294075513718,4.840330391447279],[-74.04291689910626,4.840393555361012],[-74.04288922663153,4.840459590982326],[-74.04284342624014,4.84054093882709],[-74.04277281787697,4.840631855070611],[-74.0426945779724,4.840712243809748],[-74.04260775117494,4.840786889566587],[-74.04246081440665,4.840885459056685],[-74.04230433730704,4.840978284606024],[-74.04213259504891,4.841059625120692],[-74.0419465416425,4.841140008800909],[-74.04181487337246,4.8411907258497155],[-74.04170705814812,4.841222302666882],[-74.04157348239944,4.841263448699884],[-74.04145803456898,4.841290240695702],[-74.04132064271793,4.841321815651604],[-74.04115748972113,4.841353389789136],[-74.04095521925221,4.84136869176461],[-74.04078157327388,4.84137059638355],[-74.04060983526601,4.841364844650437],[-74.04048562418546,4.841347969598245],[-74.04031985214883,4.841302500686693],[-74.0401581158218,4.841246250577974],[-74.04001363259432,4.841199720147217],[-74.03988078075032,4.8411456864629345],[-74.03977125596275,4.841094311099027],[-74.03960310050063,4.8410213260154045],[-74.03944210074287,4.840931592936635],[-74.03929302921712,4.840823916115393],[-74.03916507687356,4.8407480396601255],[-74.03907717068192,4.840698290194003],[-74.03894360119344,4.840632485201187],[-74.03875517023891,4.84055590967406],[-74.03858054214251,4.840507323250093],[-74.03843142712815,4.84046529755656],[-74.03829840265084,4.840433859331857],[-74.0381600607134,4.840396764944763],[-74.03805868904641,4.840365655010124],[-74.03796685860864,4.840338134038096],[-74.0378833775177,4.84030463288649],[-74.03777485115134,4.84026275492761],[-74.03763531637239,4.8402196790230505],[-74.03754229371137,4.840193354766605],[-74.03742780316317,4.840163440176715],[-74.03728468983469,4.8401490759012855],[-74.0371022181803,4.840155046984173],[-74.03684580585981,4.8401299089149195],[-74.03669434391321,4.840102383749919],[-74.03655480892446,4.840067682622526],[-74.03636757003417,4.840030585130654],[-74.03621372288448,4.840000667944226],[-74.03607061038932,4.839965965677291],[-74.03594300158866,4.839945620342927],[-74.03586071081754,4.839942026730666],[-74.0357676852671,4.839946805885272],[-74.03565915597324,4.8399623512490075],[-74.03556732270334,4.8399886649732435],[-74.03546713983718,4.8400269410940036],[-74.03537888231669,4.8400759844912145],[-74.03529777966801,4.840153739988768],[-74.03514630711835,4.840305662738906],[-74.0349912555719,4.840469548950838],[-74.03491134419576,4.8405688380946],[-74.03480519170365,4.840705212102503],[-74.03469307598682,4.840848763132444],[-74.03462747388863,4.840969587367033],[-74.03452250994638,4.84117175822639],[-74.03444140212754,4.841327275009893],[-74.03437580022879,4.841440921034608],[-74.03431377720648,4.841543800375661],[-74.03425771692159,4.841650269498074],[-74.03421358072059,4.841798609579359],[-74.03418971989633,4.841936185473743],[-74.03418494034183,4.842065387150524],[-74.03418612810219,4.842152718596612],[-74.03418254220385,4.842268761675072],[-74.03416345436013,4.842371643662829],[-74.03415390757104,4.842460170579355],[-74.03413601479409,4.8425151998691955],[-74.03409307383399,4.842609705874869],[-74.03402508581908,4.8427377081280065],[-74.0339805405186,4.842816673533033],[-74.03393077971283,4.8429086888924235],[-74.03390391854846,4.8429881892518365],[-74.03389198622259,4.8430803056074],[-74.0339033733323,4.84318563129179],[-74.03392536976901,4.843245399772737],[-74.03396591410842,4.843317181470775],[-74.03404104297175,4.843429640058596],[-74.03410901606127,4.8435361169764946],[-74.03419607047029,4.84365695013171],[-74.0342640443848,4.843744286116852],[-74.03434752180858,4.8438519595560665],[-74.03446560061322,4.843986334952674],[-74.0345633714188,4.84411277111117],[-74.03465519587702,4.844231212575515],[-74.03481857180186,4.844464505110293],[-74.03497191202831,4.844689471922933],[-74.03506184658846,4.844816237633243],[-74.03514174753911,4.844902378090516],[-74.03523834673055,4.844969378281381],[-74.03531825040093,4.845010057798806],[-74.0355138363585,4.845089027284506],[-74.03585015120262,4.845209876244117],[-74.03623178563912,4.845342690398354],[-74.03661222732033,4.845469523829951],[-74.03689487475712,4.845578405717243],[-74.03733613992272,4.845735149633567],[-74.0376104393349,4.845842835006527],[-74.03770704001204,4.845878729387381],[-74.03779052242275,4.845919409645082],[-74.03788592863839,4.845993586693796],[-74.03795151935299,4.846065369944545],[-74.03815663864442,4.846290289957737],[-74.03850128892152,4.846658775694907],[-74.03876365421756,4.846918392503712],[-74.03894731152667,4.847053586518773],[-74.0391083100756,4.847193565173823],[-74.0392263741708,4.847301240076987],[-74.03932774064108,4.847440018953655],[-74.03936709277552,4.847535726653584],[-74.03939809546503,4.84763861225488],[-74.03943625516175,4.847713982179607],[-74.03946845324661,4.847776192355195],[-74.03952808036328,4.847850367979953],[-74.03963183500684,4.847935311878269],[-74.03970935353568,4.847987954434466],[-74.03976063390027,4.848042987944839],[-74.03979521622034,4.848113572276556],[-74.03987153810897,4.848247564793766],[-74.03992161993058,4.848415051919012],[-74.03994665887987,4.848517936394815],[-74.0399561955997,4.848608857632591],[-74.0399383011035,4.8486985802580795],[-74.03990865061179,4.848772207860433],[-74.03989655021677,4.848844528937684],[-74.03988939112176,4.848909129630199],[-74.03987745961426,4.848997656536029],[-74.03987268155724,4.849140018683596],[-74.03987625261165,4.849258453830141],[-74.03988817364383,4.849354160599326],[-74.03991440696804,4.849447474203433],[-74.03995733713482,4.849536004702933],[-74.04001934796223,4.849640088094047],[-74.04011236512085,4.849796810673484],[-74.04023162162474,4.849946356805218],[-74.04038188434969,4.8501258134479714],[-74.04052260724727,4.850283735209259],[-74.04069672107029,4.850494296182554],[-74.04085262852476,4.850686194716186],[-74.04107683102134,4.850951310789256],[-74.04117319042872,4.851068076495002],[-74.04121516803055,4.851136986880858],[-74.04125332826214,4.851207810786486],[-74.04128480973071,4.8512872481227545],[-74.04131758079299,4.851425305052631],[-74.04134303305456,4.85154935883458],[-74.04139065568326,4.851793783646097],[-74.04141375124809,4.8519239163437735],[-74.04146295497287,4.85215489058013],[-74.04150399773255,4.8522981137611225],[-74.04153886337231,4.852460136880325],[-74.04155356212885,4.85255416417717],[-74.04157927575417,4.852740313154293],[-74.04158107237795,4.852930678285264],[-74.04159050196333,4.853057502143245],[-74.04157223823407,4.853142274818474],[-74.04152643711295,4.853214051631279],[-74.04145201307827,4.853259985759367],[-74.04137568289386,4.853281994358581],[-74.04129362923554,4.853280075503767],[-74.04121062177025,4.853260930240555],[-74.04110471738946,4.853216899719077],[-74.04099213394751,4.853161384426393],[-74.04089958817455,4.853097257006902],[-74.04074694907618,4.85297926466665],[-74.0406616513869,4.85291594194769],[-74.040544822907,4.8528236017714645],[-74.04048685680918,4.852783726270582],[-74.04039431977998,4.852731179146925],[-74.04027035445601,4.852657612608578],[-74.04014788180875,4.852602068835436],[-74.04005427129033,4.852557432002435],[-74.03997603532628,4.852519144925605],[-74.03989207533724,4.85247607310266],[-74.03980143646422,4.852444485597966],[-74.03971938360081,4.852421511096395],[-74.03960107505249,4.8524014062976],[-74.03947704039419,4.852385129470207],[-74.03939021606116,4.852384167497491],[-74.03931770300457,4.8523860778079495],[-74.03925568557109,4.852394687556645],[-74.03916313573082,4.8524061671815595],[-74.03908585036868,4.852427218218733],[-74.03900951984726,4.852459753826978],[-74.03895704111399,4.8524980329643315],[-74.0389374257621,4.852543320554277],[-74.03892841203248,4.852605221099431],[-74.03894081173804,4.852667430617157],[-74.03896838474947,4.852744104581854],[-74.03900186722174,4.85280524997467],[-74.03903335056246,4.852850232865234],[-74.03905487451502,4.85288719476445],[-74.03913161716729,4.852981355282228],[-74.03924194526175,4.853104353484717],[-74.03944024921121,4.853319421715373],[-74.03956898055681,4.853455839453734],[-74.03977560601606,4.853700139445175],[-74.03993625939542,4.85389454676128],[-74.04005037270437,4.854044694765823],[-74.04017917110436,4.854177732559736],[-74.04025911151635,4.8542680522127],[-74.04040910089458,4.854401696281655],[-74.04052931568322,4.854482095549358],[-74.04065716505748,4.85453761139926],[-74.04080982264558,4.854564417086479],[-74.04096629751162,4.854564425581574],[-74.04108460936739,4.8545491192293015],[-74.04121532507111,4.8545271141440445],[-74.04135462849898,4.854487882022853],[-74.04149202529501,4.8544103679915445],[-74.04163610340252,4.8542993577632],[-74.04174964924391,4.854182602961713],[-74.04184124924397,4.854086902038877],[-74.04191471946064,4.854025654207428],[-74.04199105131522,4.853979720085974],[-74.0420721521593,4.853963454283859],[-74.04214561946087,4.853970157342751],[-74.0422190858905,4.8539759040259876],[-74.04229811972259,4.854012745466979],[-74.04237555614654,4.854068745843251],[-74.04243757018338,4.854151055818953],[-74.04248240848135,4.854248678023606],[-74.04250208370011,4.854372222668554],[-74.04252723782687,4.854533882968906],[-74.04254726533775,4.854691798100427],[-74.04256729302197,4.854875553235349],[-74.04259304337229,4.8550822785305225],[-74.04263215350842,4.855258378747529],[-74.04267126401763,4.855422037143091],[-74.04269224701471,4.8555732522967885],[-74.04270404444364,4.855755440661861],[-74.04273007073495,4.856085717258236],[-74.04276011532754,4.856289571751589],[-74.04276976764078,4.856452746595485],[-74.04277573731294,4.856600642955066],[-74.04276724931032,4.856724552879132],[-74.04275436172863,4.856850883426489],[-74.04273996927785,4.856974087204935],[-74.04271570842626,4.857086316880893],[-74.04268828343426,4.857202992037776],[-74.04267419301759,4.8572887320664595],[-74.04266273985728,4.8573590753754425],[-74.04264413156918,4.857423675754458],[-74.04259403386267,4.857545697057138],[-74.04252172270293,4.8576534038412875],[-74.04243515983819,4.857781124320521],[-74.04237218402884,4.8578514643240345],[-74.04230205332792,4.857907448656846],[-74.04217038134368,4.85797491391968],[-74.04206303997958,4.8580136689611555],[-74.04186410186571,4.858081131274645],[-74.04175532974983,4.858108401678505],[-74.0416379713989,4.858131364536781],[-74.04150487074659,4.858145713262596],[-74.04135173185904,4.858183030442429],[-74.04120002383871,4.858226089452268],[-74.04108123425723,4.858253359439022],[-74.04094383953452,4.8582662715619716],[-74.0407849775593,4.85826482752792],[-74.04067763917759,4.858261950531078],[-74.0406046489272,4.858259075508279],[-74.04050589816781,4.858244714209983],[-74.04041859706201,4.858221740531283],[-74.04031984718092,4.858180102844834],[-74.04023540811652,4.858160000144603],[-74.04004935606775,4.858129842341936],[-74.0399234128845,4.85810399552982],[-74.03982323100988,4.858092504995388],[-74.03974880995736,4.858082451653124],[-74.0396729564288,4.85808819007065],[-74.03959280792255,4.85812120379433],[-74.03953555891742,4.858158525538886],[-74.03950120728155,4.858210204400509],[-74.03949705818019,4.858322568405788],[-74.03950360126872,4.858386598241761],[-74.0395326791631,4.85847435361059],[-74.03955843753285,4.858523164462149],[-74.03960709609103,4.858556186064091],[-74.03966004807006,4.8585820287204715],[-74.03971013944519,4.8585892094569445],[-74.03978792563163,4.85859604579506],[-74.03996059627265,4.858599273082155],[-74.04013520102494,4.858596411454171],[-74.04029933778003,4.858593208660234],[-74.0404643751912,4.858577767424266],[-74.04070910796594,4.858582086960567],[-74.0408207401227,4.858596448632633],[-74.04093237076097,4.858630909370875],[-74.04101394514105,4.858678287351816],[-74.04106260155567,4.858754376120715],[-74.04108549543581,4.858854867732249],[-74.04107976557712,4.858949616637359],[-74.04106023972145,4.859013559776784],[-74.04100819627118,4.8591261889674895],[-74.04093520096916,4.859225240337325],[-74.0408407368382,4.8593300328482965],[-74.04074054937215,4.859404676991375],[-74.04061746286374,4.859486498575499],[-74.04041995306174,4.859594156863012],[-74.04020956314741,4.859688893772885],[-74.03999631132781,4.859775015984686],[-74.03979450956085,4.859839606677554],[-74.0395741027528,4.85991280851981],[-74.03929358378977,4.8600204610046545],[-74.039154755266,4.860076440886034],[-74.03903739486026,4.860120937827112],[-74.03895724588835,4.860159693292492],[-74.03881412228701,4.86024294931588],[-74.0386953296354,4.860320463423304],[-74.03858798492467,4.8604137706240405],[-74.0384806382905,4.860535788717136],[-74.03836899787548,4.86067359845633],[-74.0382129855871,4.860883183890177],[-74.03806555968734,4.861115739583247],[-74.03795248439657,4.861305230101401],[-74.03786341742745,4.861489766063771],[-74.03778224349261,4.861657785523603],[-74.03768911054402,4.86188662517013],[-74.03758013892104,4.862127775877985],[-74.03754822501561,4.862193389842993],[-74.0374987373819,4.862305803703344],[-74.03743182596914,4.862429759322373],[-74.03734987786343,4.862568506442223],[-74.03726543130405,4.862667556078503],[-74.03717955560059,4.862737894743553],[-74.03706076137128,4.862816844009029],[-74.03693624156581,4.862905843033609],[-74.03689495324075,4.862930117683775],[-74.0367702176917,4.863003452311883],[-74.03660991906737,4.863073786311592],[-74.03648253915715,4.863129766063541],[-74.03637233424489,4.863175698258293],[-74.03624924867896,4.863224499949931],[-74.03617053186207,4.863244593313902],[-74.03610040268977,4.863256074268201],[-74.03601596246318,4.863253197403403]]]]},"properties":{"area_1":"1453.55737326","area":"1453.55737326","shape_area":"14535573.7326","objectid":"2","nombre":"Vereda Fusca","shape_leng":"22342.3614994","id":"0","perimetro":"22342.3614994","shape_le_1":"22342.3614994","cod_vereda":"0006"}},{"type":"Feature","geometry":{"type":"MultiPolygon","coordinates":[[[[-74.07441140575587,4.874770978454021],[-74.07392208820404,4.87403531506774],[-74.07206965813873,4.874140396777617],[-74.07175509735237,4.873790079105449],[-74.07161529768298,4.873124478528508],[-74.07105607748493,4.8727391273300364],[-74.07084637572683,4.872108557852899],[-74.06881921303376,4.870672241952321],[-74.06752602664292,4.869866499174733],[-74.06717651922901,4.869481147450814],[-74.06658235040896,4.8693760436189155],[-74.06598730234296,4.86899102737901],[-74.06598573503874,4.868967116398589],[-74.06598537713509,4.868944864138614],[-74.06598645125983,4.868930149815891],[-74.06598859779918,4.868916153214142],[-74.06599360739503,4.8689007202363195],[-74.06599754370501,4.868889594533466],[-74.06601471827291,4.868853346482471],[-74.066041554385,4.868807408147872],[-74.06607554681202,4.868762906126949],[-74.06609486810744,4.868744961918018],[-74.06611349822697,4.868732519988516],[-74.06614283801537,4.868718165257046],[-74.06616219092,4.8687115618625985],[-74.06617984238957,4.868705340844444],[-74.06619606365734,4.868695770741493],[-74.06620908751394,4.868685115931868],[-74.0662181515435,4.868671238605252],[-74.06622244560143,4.8686573613089115],[-74.06622196876559,4.868640134045614],[-74.06621576748913,4.868604723185087],[-74.066198594172,4.868550649672818],[-74.06618666765056,4.86851188885083],[-74.06618231484775,4.868498967976546],[-74.0661781405044,4.868489995505932],[-74.06617217731724,4.868482219861603],[-74.06616382869835,4.868475041735774],[-74.06615398953342,4.8684699571415395],[-74.06614295720767,4.868466068465695],[-74.0661284787599,4.868463406456177],[-74.06610665206748,4.868463046824135],[-74.06606552919666,4.868460313566704],[-74.06604740095871,4.868458782405299],[-74.06602869955356,4.868454953434372],[-74.06601457797312,4.8684518909753125],[-74.0659939687492,4.868446148376436],[-74.06597984805315,4.8684402141029555],[-74.06596343652006,4.868429877660718],[-74.06595427772723,4.868420690081076],[-74.06594155742474,4.868406637523661],[-74.06593010864992,4.868385103960599],[-74.06591651231959,4.868357827686549],[-74.06590148486328,4.8683226555148185],[-74.06588788939044,4.868287483334307],[-74.06587429393154,4.868254465239767],[-74.06585354207435,4.868204936743554],[-74.06584209314839,4.868156126824088],[-74.06583422195386,4.868112341879696],[-74.06583136056221,4.868089371906128],[-74.06583150373842,4.868069896542737],[-74.0658348434273,4.868052669256753],[-74.06584009184301,4.868038791957049],[-74.06584724806503,4.868024914646226],[-74.06585774317885,4.868011994587129],[-74.0658711013259,4.8679942899627715],[-74.06588255167982,4.867978977171533],[-74.06589352439737,4.867962228927997],[-74.06590574975647,4.867944882269372],[-74.0659140982466,4.867931722678215],[-74.06592185102923,4.867914376045703],[-74.06593222801,4.867888775531815],[-74.06594075757019,4.86786434201381],[-74.06594889603107,4.867842448566201],[-74.06595641083182,4.867813736711394],[-74.06596320925921,4.8677965103079135],[-74.06596994821234,4.867779988977024],[-74.06597889325062,4.867761446425531],[-74.06598485720163,4.867747688440228],[-74.06598903141254,4.867735725688222],[-74.06598903134093,4.867723762057401],[-74.06598605015051,4.86771120094092],[-74.0659812801323,4.867702228472471],[-74.06597352721094,4.867695648748049],[-74.06596219748874,4.867688470637422],[-74.06594907801983,4.867681890040858],[-74.06593536197123,4.867675908759059],[-74.0659180682243,4.8676699265942025],[-74.06589779335569,4.8676627485353485],[-74.06588527048534,4.867658561564124],[-74.06587095875547,4.867652579380566],[-74.06585685520844,4.8676481827042375],[-74.06584325903873,4.867645669833275],[-74.06583395611548,4.867644593296024],[-74.06582572650385,4.867643875616188],[-74.06581320365619,4.867643515920765],[-74.06579531335774,4.8676427982961386],[-74.06577956968853,4.867643874073469],[-74.06575669495699,4.867645405476155],[-74.06573570369962,4.867647079689767],[-74.06571375807815,4.8676468402695106],[-74.06569658421792,4.867645643550628],[-74.06568394150298,4.867643490438782],[-74.06566915306279,4.867639980526368],[-74.06565961130588,4.867635195126877],[-74.06565007043454,4.86762753881741],[-74.06563862085164,4.867618925247059],[-74.06562907907436,4.867610310762111],[-74.06561667600874,4.86759595537695],[-74.06560331858527,4.8675806418215535],[-74.0655937767883,4.867568200058922],[-74.06557755722814,4.867556715603598],[-74.06555752023027,4.867540444812114],[-74.06553271327516,4.8675251313168],[-74.06550218108858,4.867506946941074],[-74.06546878673055,4.86748589076521],[-74.06542782874861,4.867465791898212],[-74.06541459033365,4.867459332419618],[-74.06539848885063,4.8674510768289565],[-74.06538596597753,4.867444975305892],[-74.06537523194417,4.867437079454797],[-74.06536736097009,4.867429183588958],[-74.06536235215032,4.867420569980988],[-74.06535805796531,4.867411238641871],[-74.0653541224459,4.867400830709718],[-74.06535197577512,4.867390422768463],[-74.06535090242437,4.867382168004141],[-74.06535054550156,4.8673714011900655],[-74.0653526920618,4.867359916635808],[-74.06535627056577,4.867341284629605],[-74.06535984909118,4.867326928254253],[-74.06536342672736,4.867314965509007],[-74.06536879410987,4.867302404347081],[-74.06537475806924,4.867288646366988],[-74.06538191429652,4.867275486788266],[-74.06539085937172,4.867262328104218],[-74.0654021898901,4.867251561230039],[-74.06541352042652,4.867244383896932],[-74.06543200722861,4.86723182266657],[-74.06544989745005,4.8672198598463385],[-74.06546480566598,4.867209691359935],[-74.06547911820897,4.867201317195003],[-74.06549462302284,4.867194139838537],[-74.06550953126279,4.867188756803548],[-74.0655250360919,4.867184569676171],[-74.06553875207922,4.867181579373106],[-74.06555485350061,4.867179186560515],[-74.06556737634084,4.867179784900616],[-74.06557989919072,4.867182177559137],[-74.06559361522295,4.867187561344684],[-74.0656103123846,4.867195936247427],[-74.06562700955645,4.867206105468424],[-74.06564370672224,4.867215077873925],[-74.06566338501473,4.867226442988719],[-74.06568306421899,4.86723960332553],[-74.06570274342403,4.867252762757807],[-74.06572003628393,4.8672635303806855],[-74.06573971545006,4.867269511633282],[-74.06576317147612,4.867275792971556],[-74.06578642832078,4.867278484768888],[-74.06581385942125,4.867276990400446],[-74.0658432100239,4.867272466016641],[-74.06588256819884,4.867256914422641],[-74.06591051196735,4.867237701941401],[-74.06592966380249,4.867219962931566],[-74.06594197205087,4.867201731315268],[-74.06595055929922,4.867180915359689],[-74.0659570008307,4.867160100320743],[-74.06596344144356,4.86713641256398],[-74.06596809322953,4.86711631526307],[-74.06597145632193,4.867095891647928],[-74.06597641898459,4.867070625622575],[-74.06598476824097,4.867036927634936],[-74.0659969339961,4.867001756203766],[-74.06600838335731,4.866974479778871],[-74.06601983357982,4.8669407438065155],[-74.06603343130605,4.866904854638435],[-74.06605416084295,4.866844991159359],[-74.06606406020924,4.866824892921558],[-74.06607436510937,4.866805177951199],[-74.0660874672573,4.86678194573722],[-74.06609748556014,4.866758976588264],[-74.06610678922476,4.866736007443556],[-74.06611537640455,4.866705860124464],[-74.06612181792205,4.8666843273561735],[-74.06612682744733,4.866660639606415],[-74.06613040588171,4.866634799587029],[-74.06613326881724,4.866615419119385],[-74.06613756278523,4.866588861367991],[-74.06613899456757,4.866557278638108],[-74.06614042545304,4.866526413635691],[-74.06614185722174,4.866492676819366],[-74.06613971124469,4.86645032729558],[-74.06613613428465,4.86642305096174],[-74.06613327196206,4.86639577552734],[-74.06613112523583,4.866377830545737],[-74.06612897939314,4.866357014654182],[-74.06612969483812,4.8663419405646655],[-74.06612683257389,4.866323995587495],[-74.06612325478928,4.866308922428618],[-74.06611681485623,4.866294566111057],[-74.06611109048826,4.866284517057835],[-74.0661067971925,4.866273750268201],[-74.0660953476267,4.866265136705258],[-74.06608175144216,4.866255805427864],[-74.0660624300293,4.86624288464392],[-74.0660438250435,4.866227810672581],[-74.06601591624268,4.866209864943293],[-74.06599230157339,4.866191920090898],[-74.0659701188828,4.866173975229105],[-74.06595008193631,4.866161054446188],[-74.06592789922244,4.866138802314103],[-74.0659164496148,4.866122292841749],[-74.06590643110067,4.866108655174678],[-74.06590070667856,4.8660885570308015],[-74.06589641332444,4.866067022519527],[-74.0658949830573,4.866051231619197],[-74.06589355186388,4.866031133449969],[-74.06589068958625,4.866009599834159],[-74.06589212146693,4.865993090285541],[-74.0658956999529,4.8659751452693],[-74.06590070861328,4.865957201148565],[-74.06590571819565,4.865942845665245],[-74.06591144331142,4.865927771546218],[-74.06591859951955,4.86591556923259],[-74.06592647126101,4.865902649187134],[-74.06593863711338,4.865886858206105],[-74.06595008655168,4.865875373594079],[-74.06597012424558,4.865863888930471],[-74.06600304165346,4.865858147816398],[-74.0660423998499,4.865860301663938],[-74.0660717396294,4.865864608753258],[-74.0661039415693,4.86587035218253],[-74.06612540954582,4.865876812500688],[-74.06615260183871,4.865885425964818],[-74.06618551935864,4.865897628933141],[-74.06622344565832,4.865911985954388],[-74.06624467484484,4.865921676043978],[-74.0662785467421,4.865937468543032],[-74.06630764777825,4.86595182471246],[-74.06634151877104,4.865966659033106],[-74.06637920716919,4.8659814942307795],[-74.06640878492162,4.865993936754002],[-74.06645124419887,4.866012121009567],[-74.06647652867483,4.866016907196037],[-74.06650038203004,4.866014993396089],[-74.06652948291848,4.866006380468276],[-74.06656192358726,4.865998245699961],[-74.06659197882514,4.865989632762887],[-74.06662775924363,4.865977669787011],[-74.06665876881736,4.8659671432016385],[-74.06669407251195,4.865955659313192],[-74.06671983361102,4.865946089129442],[-74.06674709427162,4.86593606515664],[-74.06676561710124,4.865929213167112],[-74.06678565391252,4.865922035748162],[-74.06680044312135,4.865911508368951],[-74.06681141579996,4.865897152835765],[-74.06682572816561,4.865870355463024],[-74.06684290355464,4.8658397298877984],[-74.0668600780549,4.865811018854727],[-74.06688011561269,4.865783264167557],[-74.06691446474636,4.865744983005466],[-74.06695167694913,4.86570957273024],[-74.06698316312328,4.865684689768486],[-74.0670060628656,4.865662677779932],[-74.06701970750682,4.865644302406784],[-74.0670230471895,4.865631860566333],[-74.06702018493871,4.865618461501399],[-74.06701350618395,4.865604584281552],[-74.0670044420076,4.865591185263274],[-74.06699633220344,4.8655806580516465],[-74.06698488260596,4.865567737234705],[-74.06697438733794,4.86555194550043],[-74.06696723184953,4.865536632828656],[-74.06695864434282,4.865515577443541],[-74.06695148881971,4.86549547931894],[-74.06694576440721,4.8654801666362575],[-74.06693860888839,4.865460546695183],[-74.06693193008392,4.8654394912954935],[-74.06692716000134,4.865421306791581],[-74.0669252520894,4.865405994080403],[-74.06692334330458,4.865394509550534],[-74.0669219130431,4.865382546833426],[-74.06692143620596,4.865367233207669],[-74.06692301586818,4.865352683395064],[-74.06692620685082,4.865339478631632],[-74.0669300240923,4.865317944970277],[-74.06693642316495,4.8652895946863035],[-74.06694214802424,4.865243656467564],[-74.06694930493248,4.8652077664231745],[-74.066955029971,4.8651862327473925],[-74.06696075498785,4.865161828161522],[-74.06696934309626,4.865143166278202],[-74.06698079248316,4.865128809834464],[-74.066997967099,4.865118761520439],[-74.06701814717043,4.865111440367066],[-74.06704452469366,4.865108988685095],[-74.06707672745665,4.865108091732627],[-74.06710688182031,4.865104981951836],[-74.06713407488569,4.865099239922409],[-74.06716269902459,4.86509349788076],[-74.06718702902883,4.865086320416385],[-74.06720491920541,4.865079860729062],[-74.06721962912746,4.86507471629736],[-74.06723246457932,4.865067590445942],[-74.06724167459087,4.8650613938720575],[-74.06724875059858,4.865054000499773],[-74.0672584670581,4.865045909265666],[-74.06726640999912,4.865038325155213],[-74.0672748062254,4.865029711454626],[-74.06728339349858,4.86502071538624],[-74.06729230340875,4.865013585949082],[-74.06730184502418,4.865003715763923],[-74.0673116840026,4.864990557046427],[-74.06731681340864,4.86497667973497],[-74.067326116132,4.864956940346089],[-74.0673357766833,4.8649447379970345],[-74.0673461527997,4.864936125183596],[-74.06735796089065,4.864927511454532],[-74.0673726310853,4.864913514745808],[-74.06738765900155,4.8648937762137345],[-74.06740053936205,4.864868652934527],[-74.06740662299786,4.864840300840399],[-74.06740872613081,4.864812989212288],[-74.0674115889351,4.864782841921507],[-74.06740729636134,4.864751258329882],[-74.0674001407983,4.864726853844501],[-74.06738010457249,4.864689528560056],[-74.06736293057546,4.864662252341123],[-74.06733860024494,4.864626361641057],[-74.06731999514403,4.864594779067337],[-74.06728644205155,4.864546606620544],[-74.06721965481935,4.864440133083296],[-74.06717194917384,4.8643336602949505],[-74.06713855628753,4.864255899205436],[-74.06710277773304,4.864144640866508],[-74.06706700006431,4.864029793887644],[-74.06704195484912,4.863955621366643],[-74.06701691049575,4.863875468384351],[-74.06700498387943,4.863819240758859],[-74.06699425142457,4.8637761735715],[-74.0669842931055,4.863736096608219],[-74.06697057766894,4.863681664218073],[-74.06696521181865,4.8636499613106485],[-74.06696366870524,4.863610004507912],[-74.06696231029771,4.863565221573575],[-74.06696692038926,4.863520044477234],[-74.06696692023299,4.863498989026733],[-74.06696978308345,4.863473148101921],[-74.06697646242921,4.86344826532385],[-74.0669821874841,4.863431038012018],[-74.0669850503765,4.8634109398113905],[-74.06698028025697,4.863386056215001],[-74.0669726471031,4.863362129911353],[-74.06696501485804,4.8633391608789776],[-74.06695261173618,4.863310449157708],[-74.0669392543035,4.863286521992292],[-74.06691598568757,4.863258180061964],[-74.06690490642451,4.863232926800495],[-74.0668915489391,4.863201344174834],[-74.06688868659633,4.863173588749468],[-74.0668886873017,4.86314679147835],[-74.06688677921537,4.863106595133672],[-74.06687967215233,4.863054804001771],[-74.0668431291474,4.863018545468356],[-74.06678659726428,4.8630005999770525],[-74.0667431847556,4.862987259956656],[-74.06665874506992,4.862947720454694],[-74.06660722185308,4.8629170935531],[-74.06656237902791,4.862880724781216],[-74.06653566350494,4.862862062239749],[-74.06650226926006,4.862828564295796],[-74.06646219639234,4.862794588211317],[-74.06642784868382,4.862757262992297],[-74.06638586774032,4.862678783287378],[-74.06637251105964,4.862627102471231],[-74.06638014465857,4.862585949694123],[-74.06639922768125,4.862540967755533],[-74.06641544867827,4.862513214008765],[-74.06642976101996,4.862491202094876],[-74.06644884417048,4.862466318334503],[-74.06647174379593,4.8624404781804405],[-74.0664975047388,4.862427079822638],[-74.0665280373909,4.862410810521079],[-74.06656334086333,4.862393583913975],[-74.06659864341304,4.862373486394737],[-74.06662058878963,4.8623629598728195],[-74.06666543386655,4.862339034101976],[-74.06669787430778,4.862323721146756],[-74.06672840605599,4.862308409107497],[-74.0667513058014,4.862301709852263],[-74.06677611336406,4.862298839668171],[-74.06679710357086,4.862299796788478],[-74.06682000251756,4.862307453890187],[-74.06684194720208,4.862326594639185],[-74.06686484625453,4.862348607194696],[-74.0668858366517,4.86237540521652],[-74.06690301055396,4.8624002887230136],[-74.06692018440826,4.862418473137087],[-74.06694785430922,4.862442400197203],[-74.06697075330506,4.862455799114299],[-74.06699937651835,4.862461542528222],[-74.06702609282091,4.862464414141117],[-74.06706330332507,4.862467285673189],[-74.06709383604546,4.862461543619625],[-74.06712412993706,4.862453648383806],[-74.06714631321682,4.862442882299132],[-74.06717565271107,4.8624285266163465],[-74.0672085707593,4.862412017721568],[-74.06725079158336,4.862386896021065],[-74.06730016854424,4.862348853356838],[-74.06734797023525,4.862309806425399],[-74.06737945708443,4.8622782243508285],[-74.06739090716532,4.862245206078168],[-74.06738518265118,4.862215058854701],[-74.06737373385471,4.862183475318276],[-74.06735512876197,4.862144714563508],[-74.06732793709412,4.862084420241826],[-74.0673107639299,4.862039916749703],[-74.06725065543382,4.861917890883333],[-74.06722775706423,4.861867645613372],[-74.06720485917526,4.861762847622782],[-74.06719627387432,4.861672405879062],[-74.06719770599702,4.861576222236174],[-74.0672091574642,4.861490086700907],[-74.0673064829547,4.861194358662888],[-74.06735299617107,4.8609656237488394],[-74.06736349259317,4.860908200936837],[-74.06737875902967,4.860863218999102],[-74.06739975059426,4.860814409736682],[-74.06743060096383,4.8607607679351],[-74.06744682186832,4.860732055986757],[-74.06746343750126,4.86070524592252],[-74.06747564193778,4.860684882787421],[-74.06748498788478,4.860668891124843],[-74.0675012088319,4.860645921899901],[-74.06751456670088,4.86061726330587],[-74.0675183838141,4.860585628119361],[-74.06751075072009,4.860567443640655],[-74.06750218762228,4.860550161300707],[-74.06749357677926,4.860534903784519],[-74.067483081597,4.860521504782407],[-74.06746666291221,4.860497517990638],[-74.06742802207623,4.860460671038973],[-74.06737983871042,4.86042334507447],[-74.06731829813252,4.860383626486577],[-74.06726200518686,4.860355392397305],[-74.0672424460399,4.86034629982858],[-74.06721653899892,4.860333792227293],[-74.06720523547848,4.860321176942276],[-74.06720022660441,4.860301796528001],[-74.06719235545837,4.86026375341021],[-74.06719593374065,4.860227864289816],[-74.06720237422783,4.860202023333611],[-74.0672156139702,4.8601635018669445],[-74.06722694426635,4.8601431649571065],[-74.06724423847169,4.860115649820019],[-74.06725914646697,4.860100695838534],[-74.0672830004149,4.860086341097425],[-74.06735396395,4.8600528450687825],[-74.06742254209159,4.860021741778783],[-74.06747501908082,4.860004994070589],[-74.06753378803147,4.859984866477904],[-74.06756133858823,4.859971229423813],[-74.06758888913491,4.859956514873219],[-74.06761930180659,4.85994180029739],[-74.06765866035683,4.859919190640481],[-74.06769766026191,4.859899451894796],[-74.06772521080579,4.8598850971063685],[-74.06774811040621,4.859872176908235],[-74.06777351428865,4.859850284188424],[-74.06781430375756,4.859812242462181],[-74.0678542343398,4.859766842676926],[-74.06786811758113,4.85974054967914],[-74.06787284030592,4.859703677058849],[-74.06787069425525,4.859662762987409],[-74.06784851221705,4.859597443640796],[-74.06783491587382,4.859557247397054],[-74.06780772431082,4.859501977183454],[-74.06774958721623,4.8594267591085805],[-74.06768661608803,4.859332966929483],[-74.06765608566826,4.859273629011956],[-74.06762364558956,4.859204721105947],[-74.06757594124056,4.859109015147849],[-74.06754922635552,4.8590439344681],[-74.06753396179806,4.858982682778188],[-74.06753014579404,4.8589290882610054],[-74.0675396877182,4.858858266361531],[-74.067572129834,4.858741506085776],[-74.06769998843497,4.858360599529515],[-74.06780876274595,4.858077313112445],[-74.06808032770314,4.857364382943906],[-74.06809320932646,4.857298346456803],[-74.06809893494172,4.857252408217539],[-74.06810072432951,4.857215513021293],[-74.06810340837241,4.857155937079875],[-74.06809195947842,4.857107844910323],[-74.06806763089783,4.857040371498518],[-74.06803596660666,4.856950934238714],[-74.06798826215353,4.856832259209487],[-74.06771920903304,4.856189114282098],[-74.06756798599666,4.855888022462835],[-74.06750328707477,4.855719951780599],[-74.0674861131125,4.855669705558793],[-74.06747037102599,4.855609411136756],[-74.06746035403545,4.855546245756564],[-74.06745747632391,4.855511322089691],[-74.06745749225666,4.855475879538009],[-74.06745162534494,4.8554374061263195],[-74.06743554911782,4.855399815946391],[-74.06741837526526,4.855361533357548],[-74.06741163883189,4.8553356301308055],[-74.06741086261302,4.85529669295646],[-74.06742003351448,4.855262552002642],[-74.06743661730461,4.855214837437356],[-74.0674455404338,4.855186984286177],[-74.06745770589535,4.855151095088884],[-74.06747166096176,4.855101568146001],[-74.06747941394947,4.855021773753629],[-74.0674812053002,4.854890776677849],[-74.06749259275432,4.854708890457114],[-74.06750547428436,4.854630615543087],[-74.06751441974828,4.854580370912171],[-74.06751943000464,4.854552735641188],[-74.06752372301217,4.85453479060442],[-74.06753302646713,4.854512539159686],[-74.0675369626656,4.85450105457935],[-74.06754304542653,4.854487775661804],[-74.06754876953501,4.854475932202649],[-74.067555925599,4.854464447595386],[-74.06756487137235,4.8544522452453895],[-74.06757918260979,4.854430712389869],[-74.06759528444499,4.854407025431854],[-74.06762712858597,4.854364316747962],[-74.06770373321412,4.854273014620946],[-74.06772854116815,4.8542452607626565],[-74.06775096285403,4.854219899651108],[-74.06777351251583,4.854195941451364],[-74.06778966572689,4.854174780094308],[-74.06779630361375,4.854163332550408],[-74.06780254408444,4.854151661736917],[-74.06780837992982,4.8541397830208455],[-74.0678138048418,4.854127709961377],[-74.06781881251243,4.854115456117657],[-74.06782339483131,4.854103035952786],[-74.06782754819396,4.8540904657377135],[-74.06783126809471,4.854077759031573],[-74.06783454912669,4.854064931201388],[-74.06783738678422,4.854051997614166],[-74.06783977926519,4.854038973636903],[-74.06784172296504,4.854025874636587],[-74.06784321518045,4.854012716884178],[-74.06784425501043,4.853999514842691],[-74.06784483975161,4.853986284783063],[-74.06784497120654,4.853973042072253],[-74.067844647573,4.853959802981172],[-74.06784386885118,4.8539465828767945],[-74.06784263684358,4.853933397126077],[-74.0678409426053,4.853824278116915],[-74.06784058463992,4.853800950160319],[-74.06784022674634,4.8537858760728305],[-74.06784058526961,4.8537697253874565],[-74.06783951184792,4.85375429334628],[-74.06783987039927,4.853741373339689],[-74.06784068492567,4.853726791888807],[-74.06783782259281,4.85369999373133],[-74.0678349612029,4.8536779819320754],[-74.06783162127387,4.853653576505852],[-74.06782780551343,4.853627257444407],[-74.06782595981625,4.853614393501251],[-74.06782477200456,4.853605577392254],[-74.06782326422274,4.853590225805357],[-74.06782275946156,4.853577661958301],[-74.06782419041788,4.853566895125576],[-74.06782705321291,4.85354320827682],[-74.0678327781754,4.853527416408348],[-74.06784422733578,4.853511625393686],[-74.06786068610762,4.853500140701398],[-74.06789002606374,4.853481478617653],[-74.06791507110552,4.853467122937224],[-74.06796444748903,4.853441283394899],[-74.06802655194367,4.853418399615541],[-74.06811262204772,4.853404725848522],[-74.06819296627295,4.853404524434087],[-74.06832057476514,4.853403098630996],[-74.06836958098776,4.853402369590679],[-74.0684010433959,4.85340763835193],[-74.06842131785325,4.853413619523398],[-74.0684399152794,4.853423331267669],[-74.06845938685242,4.853434780374192],[-74.06847113631741,4.853443199550629],[-74.06848288575998,4.853449261253307],[-74.0684969854433,4.853455659198355],[-74.06851108512367,4.853461720877696],[-74.06852451341376,4.85346542508977],[-74.06854432015386,4.853469802673899],[-74.06856110523003,4.853468119374504],[-74.06857789114804,4.853460375162104],[-74.06858796246168,4.853449935468655],[-74.0685950121635,4.853438823274085],[-74.06859870504685,4.853429731416783],[-74.06859891410632,4.853428638552182],[-74.06862816980595,4.8532754015786335],[-74.06862673971078,4.8531892661261375],[-74.06855947560588,4.853065804959145],[-74.06848219352113,4.852966749338049],[-74.0683820127767,4.8528562075706985],[-74.06836483946515,4.852778685903831],[-74.06838630824446,4.852721262957704],[-74.0684583441311,4.8526762822480976],[-74.06855089361297,4.852674369516133],[-74.06867397465889,4.852686812830796],[-74.068793239349,4.852705956159547],[-74.06888458869773,4.852724941565746],[-74.06896290685995,4.8527957761471034],[-74.06900013924368,4.852873048101791],[-74.06905084712812,4.852987333512864],[-74.06908424010255,4.853019873165234],[-74.06913385393234,4.853042843542285],[-74.0692197250173,4.853048587155195],[-74.06933231077961,4.853023705003305],[-74.069426769134,4.852954797576785],[-74.06947733825555,4.85290120335955],[-74.06950977923773,4.852818897519547],[-74.0695126423036,4.852744246567989],[-74.06952695476976,4.852680124572112],[-74.06954837401122,4.852553663228584],[-74.06951264603317,4.852432247412643],[-74.06945253813757,4.852323141711146],[-74.06936189766417,4.8522695454430576],[-74.06923881668142,4.852257102253557],[-74.06913100142489,4.852246573422487],[-74.07012339664436,4.852118758664775],[-74.07182930929466,4.852096276550536],[-74.07355766240023,4.852906229206406],[-74.07380456979956,4.8531762107704735],[-74.07429838617196,4.85342369594945],[-74.07409636567415,4.854121142960281],[-74.07366988249701,4.854886084648915],[-74.08002219535213,4.8574284041774805],[-74.08729228479197,4.859960955672081],[-74.08719280435818,4.860156546491379],[-74.08601174696685,4.863602534207567],[-74.08528026618,4.864204643816474],[-74.08427848603426,4.864340836295155],[-74.08371023243711,4.864654139330736],[-74.08284844456145,4.865679698848138],[-74.08263789954711,4.866317398055344],[-74.08273390959936,4.867900999188867],[-74.08294962506957,4.86865653706991],[-74.08312926149412,4.869163934867177],[-74.08317418556315,4.869536594859003],[-74.08318282321245,4.870333608222722],[-74.08304684664849,4.8707361156278335],[-74.08304262726045,4.870879709137679],[-74.08301678375071,4.87127996316274],[-74.08288451090138,4.8716279719447915],[-74.0828697589549,4.8718193398418315],[-74.08284865976634,4.872093065788733],[-74.08274593647226,4.872697790392232],[-74.08271900200265,4.873059635161478],[-74.0825816513307,4.873495748213209],[-74.08255304255093,4.873953568704217],[-74.0824631701722,4.874424607548158],[-74.07441140575587,4.874770978454021]]]]},"properties":{"area_1":"382.829732721","area":"382.829732669","shape_area":"3828297.32721","objectid":"3","nombre":"Vereda Fonquet ","shape_leng":"9100.86988042","id":"0","perimetro":"9100.86988042","shape_le_1":"9100.86989733","cod_vereda":"0002"}},{"type":"Feature","geometry":{"type":"MultiPolygon","coordinates":[[[[-74.0412028384974,4.865997173185798],[-74.04125020031421,4.866018917987435],[-74.0412878664604,4.866036206973917],[-74.04135349857795,4.866066333649249],[-74.04141500605158,4.866094568248509],[-74.04147654236775,4.86612281640208],[-74.04153807778788,4.86615106455002],[-74.0415995861781,4.866179300036374],[-74.04166514172411,4.866209391425404],[-74.04172749722409,4.866238013811379],[-74.04182131852076,4.866019253475272],[-74.04240787450496,4.866282249150994],[-74.04240987239946,4.866283121509923],[-74.04273034573652,4.866423111984952],[-74.04304119727789,4.866563406664861],[-74.04326275023588,4.866659003474441],[-74.04326302869782,4.866659123706029],[-74.04325082833257,4.866697660088349],[-74.0432484174602,4.866705274802267],[-74.04340175353559,4.866773820203295],[-74.043551168481,4.866846663691517],[-74.04358848865154,4.866864941448943],[-74.04359519198128,4.866852564900971],[-74.04363094096624,4.866786562067488],[-74.0436401680593,4.86679072495665],[-74.04613429360555,4.8679159587482905],[-74.04613811211811,4.867907522376874],[-74.04632347073336,4.867497973711804],[-74.04723721651949,4.867911463136598],[-74.0472220379932,4.867947764988342],[-74.04721860881044,4.8679559654464155],[-74.04710805462325,4.8682283026129065],[-74.04743576426242,4.868382494596506],[-74.04752964806586,4.868414910954481],[-74.04750804642876,4.868468719257667],[-74.04791382513034,4.868660614156962],[-74.04796160974011,4.868564226347295],[-74.04831042104762,4.868715118061725],[-74.04918629892973,4.8690940103280935],[-74.05079774952647,4.869778853018649],[-74.05084753071135,4.869800009624273],[-74.05166775999106,4.87014859318839],[-74.05169862844419,4.870082269862211],[-74.05202062042892,4.870220650537157],[-74.05276467208073,4.870537802587737],[-74.0528598342142,4.870578365418947],[-74.05294016742235,4.870611225576246],[-74.05305877988368,4.870338178884459],[-74.05383966581972,4.870702918991961],[-74.05422713926896,4.869853879151016],[-74.05606585047187,4.870704244673561],[-74.05607068631154,4.870696478977694],[-74.05610792750012,4.870636681943149],[-74.0561269744038,4.870600934040882],[-74.05617153072261,4.870517308335475],[-74.05628565245568,4.870315795133699],[-74.0563269095147,4.870338054067612],[-74.0564456052765,4.870398116355434],[-74.05683489590957,4.870595104855435],[-74.05703478938625,4.870692287895675],[-74.05700825435487,4.870756259449289],[-74.05702751716068,4.870767226175363],[-74.05702813897759,4.8707675805238875],[-74.05702222708888,4.870781058207924],[-74.05781320180189,4.871141393401554],[-74.05771367755887,4.871386948654041],[-74.05867786510103,4.871823404572603],[-74.0591349644489,4.872030318210828],[-74.05913669112441,4.872031100125033],[-74.05900528014048,4.872345180312971],[-74.0590021475725,4.872352666719942],[-74.05942223101121,4.872555744585435],[-74.05945566239804,4.872571906230144],[-74.060252180058,4.872956959475248],[-74.06037897742495,4.873019411099085],[-74.06037842949972,4.8730199869067805],[-74.06028051754296,4.873141729139687],[-74.0602691858756,4.873180010916375],[-74.06027157032507,4.873221283860116],[-74.06028862432706,4.873276613990846],[-74.0603430082692,4.873374234983118],[-74.06041599820198,4.8734804696449725],[-74.06050473206236,4.873543637076527],[-74.0605777221454,4.873596756281999],[-74.06067504442845,4.873639825535016],[-74.06075232968689,4.873651312024556],[-74.06084535971543,4.873631216720449],[-74.0610242643948,4.873517809740496],[-74.06114162662861,4.8734402917213435],[-74.06131623700229,4.873359902827329],[-74.06141499225849,4.873316838366779],[-74.06156503248327,4.873264203922681],[-74.0616270524496,4.8732546348587436],[-74.0616759519634,4.873276169411388],[-74.06176659282787,4.873367689619191],[-74.06178507804043,4.873454423446825],[-74.06176897554462,4.873499883424666],[-74.06173990670473,4.873548767518228],[-74.06169920168774,4.873567473612763],[-74.06162942964013,4.873589005404626],[-74.06152208781815,4.873611733078108],[-74.06140937848424,4.873645227544181],[-74.061364652333,4.873667357735056],[-74.06125611634963,4.873751097611678],[-74.06112968988849,4.873828855183045],[-74.06103129227094,4.873903024132098],[-74.06093033972803,4.87399383457415],[-74.06088160681233,4.8740328213754465],[-74.06086252405404,4.874044185662519],[-74.06084165153354,4.874051961309541],[-74.060823761055,4.874060933775666],[-74.0607867878235,4.874076484170859],[-74.06076591621371,4.874077680045775],[-74.06075756757686,4.874074091394592],[-74.06074267086711,4.874077108715682],[-74.06072655754059,4.874084258841957],[-74.06071820797791,4.874094427233245],[-74.06070926273244,4.87410160539416],[-74.06069316112153,4.874108184230393],[-74.06067825271309,4.874101604432939],[-74.06066274862825,4.874089042367771],[-74.06061683016473,4.874101603411349],[-74.0605595809955,4.874121939205391],[-74.06051604704832,4.874150649111676],[-74.06050411875648,4.874203885651598],[-74.06047907087331,4.874272075116713],[-74.06047429895283,4.8743217221308575],[-74.06047727908123,4.87437495779833],[-74.06048741654762,4.874397089854991],[-74.06050769152532,4.874421017155315],[-74.06053392972393,4.874431186520711],[-74.06058104042557,4.874450328422813],[-74.06060727952409,4.874462293007563],[-74.06064723388928,4.874465882625812],[-74.06072356672631,4.874452126628864],[-74.06082315572768,4.874442558610043],[-74.06094719499876,4.8744204294808915],[-74.0610515549061,4.874410263931755],[-74.06110403311693,4.874434789663054],[-74.06116008722589,4.874492214242724],[-74.06119228858786,4.874539469481511],[-74.06120660038275,4.874581939248182],[-74.0612167369444,4.874632783097962],[-74.06123045125443,4.874672860137681],[-74.06126861672807,4.874716526742264],[-74.06129366080715,4.874791895365462],[-74.06130618282708,4.874852907621976],[-74.06132824670445,4.874889396030679],[-74.06134911739667,4.874934856028893],[-74.06134001168076,4.875002966895655],[-74.06132033045766,4.875072352306103],[-74.06126367687703,4.8751321667773215],[-74.06122133608434,4.875151905138349],[-74.06118495849918,4.875160278282574],[-74.06114440748814,4.875166857101681],[-74.06110087442994,4.875171043188994],[-74.06102990996608,4.875157284246753],[-74.06096967962301,4.875141730090335],[-74.06089334857636,4.875116007497685],[-74.06085697194177,4.875092080183842],[-74.06082549869966,4.875070104479708],[-74.06078541186437,4.875041832826597],[-74.06075022841124,4.8750214950494115],[-74.06073293452452,4.875014316841743],[-74.06070609973968,4.874987996810998],[-74.06067509156344,4.874944330188306],[-74.06065720109073,4.874936554474085],[-74.06064766016529,4.87493296491542],[-74.06062619196557,4.874920402838244],[-74.06060353153875,4.874882120087094],[-74.06056536797138,4.874803760278716],[-74.06053376328244,4.874731382747859],[-74.06050215856982,4.874673360665486],[-74.06046697614298,4.874608160396683],[-74.06043775686707,4.874564493766447],[-74.06040972890821,4.874548940534503],[-74.06037156338884,4.874553126586824],[-74.06034890196129,4.8745686787987115],[-74.06031968075088,4.8745842300901545],[-74.06029344062682,4.874623628193882],[-74.06026076410208,4.87469472289023],[-74.06019754422074,4.874811686970623],[-74.06012684713595,4.874921841654579],[-74.06007111445247,4.8749923270239695],[-74.0600222127723,4.875073675942965],[-74.06001505537226,4.87511674317632],[-74.06001743981811,4.875156221800341],[-74.06002697969025,4.875213645434983],[-74.06004248272546,4.875284228625246],[-74.06005202253492,4.875365577707721],[-74.06003890099943,4.875420608552339],[-74.06001266082292,4.875461282101559],[-74.05998045747405,4.875491189722996],[-74.05991247402542,4.875518702702645],[-74.05985522472979,4.875534253888498],[-74.059778892637,4.875553392741024],[-74.0597276065558,4.875562961669102],[-74.05964292584723,4.875566549118116],[-74.05959402618706,4.875558173053998],[-74.05952127282822,4.875548600990221],[-74.05945328953958,4.875525868493346],[-74.05941512494732,4.875506726546397],[-74.05938530820676,4.8754636582767485],[-74.0593781537506,4.87543135780959],[-74.059384118023,4.875385897853278],[-74.05944375383667,4.87532727946291],[-74.05949146228176,4.875285410103319],[-74.05953320757389,4.875229184365173],[-74.05958926568071,4.875153817773261],[-74.05961325291493,4.875105063924726],[-74.05962577695097,4.875060800803243],[-74.05962279686203,4.875014742406122],[-74.05960669720245,4.874968683963599],[-74.05957866929808,4.874938176839785],[-74.05954037227166,4.874915749082093],[-74.05949458625736,4.874914248379214],[-74.05945045658459,4.874926808445338],[-74.0593890320441,4.874957312529791],[-74.05934476984189,4.87498273744358],[-74.05928752051304,4.875015036756969],[-74.05922384292948,4.8750566023148],[-74.05918494822235,4.875082028143567],[-74.05915347303774,4.875107444057467],[-74.05912755100965,4.875131688488591],[-74.05905360327743,4.87520298724157],[-74.0589624797095,4.875267585917175],[-74.05891190912203,4.8752915111400394],[-74.05887183478595,4.875303951866342],[-74.05880924594798,4.8753117100836665],[-74.05873172074963,4.8753141006363725],[-74.05868162886284,4.875300939952815],[-74.05861722419687,4.875292563742341],[-74.0585647458756,4.875294955302909],[-74.05850749660438,4.875303327293239],[-74.0584550181957,4.875322467020703],[-74.05837987838545,4.875338017084155],[-74.05831656571154,4.875377283841516],[-74.05826299093216,4.8754899459451755],[-74.05827610726593,4.875590437780581],[-74.05828684015152,4.875652645992883],[-74.05829637992873,4.875701695563525],[-74.05831500563373,4.875734730101983],[-74.05833766609445,4.87574765112269],[-74.05836676834328,4.8757510012744705],[-74.05840491320708,4.875748354743576],[-74.05851702641323,4.875722038957333],[-74.05865418558827,4.8756981169046405],[-74.0587821822884,4.8756793535588825],[-74.05884620954762,4.8756538582666336],[-74.05887354281957,4.875642031258407],[-74.05890860833772,4.875629830053342],[-74.05893937963188,4.875625045643949],[-74.0589629944896,4.87563246346936],[-74.05898456087783,4.875652665689275],[-74.05900855415099,4.87568031727747],[-74.05904314084397,4.875736066035455],[-74.05906446742674,4.875778280965638],[-74.05911338569423,4.875865031260653],[-74.05913664165017,4.875929633140916],[-74.05914797124318,4.875984065661184],[-74.05915534822081,4.876033006737601],[-74.05914677587431,4.876077378338042],[-74.05912888428693,4.876118052790452],[-74.05909131334643,4.876149156257053],[-74.0590352571836,4.876159323519264],[-74.05898693336992,4.876146745002862],[-74.05895117311441,4.876134198176738],[-74.05888199836879,4.8761198406086255],[-74.05878298409725,4.876120420480071],[-74.05867564279448,4.87611922134534],[-74.05861960743451,4.87611325326832],[-74.05855995198235,4.876106058523719],[-74.05845740237466,4.876097099064981],[-74.05838462826233,4.876084519474335],[-74.05828444253603,4.876067768050633],[-74.05817352363275,4.876042642464446],[-74.05808645847195,4.8760151251753445],[-74.05800058551515,4.87600196242752],[-74.05788847330125,4.876001959049943],[-74.05783263615542,4.876006766760999],[-74.05779186510743,4.87602349027961],[-74.0577536785458,4.8760625130740785],[-74.05773100878233,4.87609646305997],[-74.05768809705805,4.876165849119785],[-74.05758194345552,4.876315386104509],[-74.05750441447775,4.876463726446391],[-74.05745909020705,4.876533111570933],[-74.05741495915774,4.876595319427635],[-74.05739005867093,4.876663436458453],[-74.05738170791554,4.876704709335375],[-74.05738036670635,4.8767388763982105],[-74.05741718824761,4.876800116680315],[-74.0574698150724,4.876845351024431],[-74.0575401829675,4.8768716723730305],[-74.0575987724505,4.876865022477326],[-74.05763813237863,4.876833021495313],[-74.0576771941523,4.876777992672781],[-74.05772520218858,4.876706813232686],[-74.0577469697844,4.876687672468439],[-74.05777648853753,4.876672420495438],[-74.05785848664539,4.876650589976287],[-74.05792945223361,4.876642217219666],[-74.05796284700114,4.876630554801815],[-74.05800891716939,4.876603710807305],[-74.05808383820715,4.876576081452956],[-74.05816662116733,4.876566313961569],[-74.05827965701724,4.87660013002602],[-74.05834048195638,4.876664733039671],[-74.05837148878419,4.876779580414433],[-74.05837744970228,4.87687289312558],[-74.05833808870031,4.87694347425097],[-74.05829157330174,4.876975773534864],[-74.05824863573802,4.876991324660541],[-74.05816753135605,4.8770547273688205],[-74.05808761913916,4.877136074159349],[-74.05800293613028,4.877189906828913],[-74.05795284297791,4.877217420617178],[-74.05791410859237,4.877229270117643],[-74.05787427304648,4.8772240053396],[-74.0578335742213,4.877207846285839],[-74.05776082082085,4.877180329042607],[-74.0576654079017,4.877128884392874],[-74.05758907680665,4.877095384842538],[-74.05753779066318,4.877091794968588],[-74.05745430191512,4.87711332623464],[-74.05739108812722,4.877156391253241],[-74.05734099277605,4.877238935874276],[-74.05733622046164,4.877309518079669],[-74.05736007187478,4.877390869100987],[-74.05740300509339,4.877492557060849],[-74.05742196690139,4.877532920758737],[-74.05743341537134,4.877582807398833],[-74.05742350644589,4.877622890681508],[-74.05741254232548,4.87764688204202],[-74.05735839161599,4.877720334821447],[-74.05724007353888,4.877840920316864],[-74.05716182985745,4.877961506076928],[-74.05709885023204,4.8781376028058006],[-74.05709503025808,4.878235221817315],[-74.05714082768847,4.878309873009237],[-74.05721334123085,4.878371127112603],[-74.05732974574683,4.878443866953933],[-74.05745950778065,4.878526176861743],[-74.05751102948064,4.878631454408603],[-74.05750530073765,4.878742472489836],[-74.05742133272724,4.878842003702082],[-74.05734309140185,4.878868799526416],[-74.05727248430738,4.878868797232066],[-74.05715607635747,4.878889849142907],[-74.05700913444794,4.878972150783112],[-74.05688700067118,4.8790582816615995],[-74.05672860806045,4.879140584057731],[-74.05667562735906,4.8791567325071465],[-74.0566194510662,4.879164985023838],[-74.05652749452926,4.879166417936235],[-74.05644236089435,4.879176942705829],[-74.05636576516936,4.879192970713382],[-74.05633642474886,4.879203736377566],[-74.05631209313114,4.879221681162381],[-74.05629732767078,4.8792477605697195],[-74.05628024586761,4.879304943578716],[-74.0562730871747,4.879360930760227],[-74.05627523248174,4.879414405974825],[-74.05630494985976,4.879590385884157],[-74.05635074489086,4.879737773445317],[-74.05638509041883,4.879858363650368],[-74.05640224002367,4.879885999000754],[-74.05642707245009,4.879902389418379],[-74.05648775454996,4.879925838982881],[-74.05659151748009,4.879966037963164],[-74.05673644708386,4.880026014518456],[-74.05694153462126,4.880072352867965],[-74.05703391652912,4.880087181756285],[-74.0571373841558,4.88009459751132],[-74.05717688723844,4.880111768104762],[-74.05721731849864,4.88013760928076],[-74.05725563099095,4.880170585226329],[-74.0572684827905,4.8802018534533405],[-74.05727780095623,4.880237303275194],[-74.05727420574841,4.8802836816241015],[-74.05726116964253,4.8803188465499066],[-74.05722196365163,4.8803432562316935],[-74.05716328274458,4.880363711945926],[-74.05708194561807,4.880389264800961],[-74.05691380930219,4.880422617992006],[-74.05676784441894,4.880441146720178],[-74.05649886937532,4.88044503514758],[-74.05640941721957,4.880431873072507],[-74.05631877389911,4.880392391901642],[-74.05625604785699,4.880366999740987],[-74.05619473490745,4.880340945903541],[-74.05613271639697,4.880306251306074],[-74.05606115594252,4.880276341166024],[-74.0560015220943,4.880233271586829],[-74.05594546576386,4.880218913833535],[-74.05589775791931,4.880230875224729],[-74.05582619517239,4.880257191843575],[-74.05574628343714,4.8803122201771085],[-74.05568664705098,4.880350500517152],[-74.0556174696153,4.8803923693980344],[-74.05557691577519,4.880468932607618],[-74.05553755427103,4.880539513560834],[-74.05552443197202,4.880625647928677],[-74.05552920030959,4.880711783370921],[-74.05556974898654,4.880802704603572],[-74.05558167290178,4.880885251476959],[-74.05557570720956,4.8809534409254605],[-74.05555542834331,4.881052734761693],[-74.05555304143084,4.881108961521559],[-74.05555900221185,4.881179544711878],[-74.05556973370733,4.88127644611651],[-74.0555780800964,4.881333869792351],[-74.05557807875601,4.8813805265776065],[-74.05556614988521,4.881440341882344],[-74.05554229472102,4.881477426636037],[-74.05549100798204,4.881502547500184],[-74.0554480711628,4.881497761636254],[-74.0553812805465,4.881481011007278],[-74.05530614098788,4.881485793007997],[-74.0552178807461,4.881498949859207],[-74.05514035469328,4.8815144995327335],[-74.05507237159831,4.88151688975843],[-74.05499246136552,4.8814929607809985],[-74.05491374544235,4.881448694094496],[-74.05484934061418,4.881404428453868],[-74.05482244274378,4.881375947779406],[-74.05479736898813,4.8813398821753555],[-74.05477087666317,4.88131140873459],[-74.05471695528342,4.881290773953006],[-74.05466916003589,4.881292423125116],[-74.05463585144653,4.88130871625508],[-74.05459961196556,4.8813417728906705],[-74.05457860002561,4.881380492865965],[-74.05456076530895,4.881456939652184],[-74.05455345594139,4.8815961433868384],[-74.05457536564283,4.881708484198067],[-74.05459727193143,4.8818867637043315],[-74.054604571883,4.882033294018643],[-74.05454856402652,4.882272625577261],[-74.05451903582767,4.8823805094033785],[-74.05451664864007,4.882453484329018],[-74.05452141597361,4.882538422959045],[-74.05452976049551,4.882677196586973],[-74.05452368764185,4.8828088940249765],[-74.05449624279153,4.8831809484581825],[-74.05447834926632,4.883273064106301],[-74.05444852824262,4.883369965070779],[-74.05440916752568,4.883424993690585],[-74.05432208682674,4.8835059168925286],[-74.05419805287957,4.883606826640456],[-74.05406804708957,4.883666637830602],[-74.05395593277404,4.883660652434302],[-74.05385336154744,4.883635526238089],[-74.05376695233626,4.883552299580618],[-74.05373886785382,4.883497945420329],[-74.05372932729516,4.883457270786111],[-74.05374328684476,4.883317701054602],[-74.05374841967091,4.883204848019085],[-74.05374842402831,4.883068468114758],[-74.05372695961684,4.882956013390434],[-74.05370191496019,4.882898589489884],[-74.05366854647218,4.882867141061078],[-74.05360928352529,4.882849935667953],[-74.05354569912738,4.882847397520844],[-74.05348524247513,4.8828714650274465],[-74.05344491407351,4.882906013949812],[-74.05342165535306,4.8829419027232435],[-74.05339839566845,4.882982576042017],[-74.05338050343056,4.883032821232534],[-74.05331012791423,4.883212864078384],[-74.05327195932261,4.88327447331874],[-74.05325227822306,4.883321128942774],[-74.05324392816419,4.883352232452251],[-74.0532504867297,4.8833833370586595],[-74.05327016488485,4.883425807052437],[-74.05329640156528,4.883502971190943],[-74.0533107120066,4.883556805428177],[-74.0533156940017,4.883616764632052],[-74.05330176214764,4.8836973722581005],[-74.05327511728676,4.883754981718367],[-74.05323756413856,4.883820136210134],[-74.05320932158187,4.883866049587637],[-74.05318009862464,4.883903135088466],[-74.05314252790964,4.883931844585265],[-74.05310078305939,4.883941414032918],[-74.05304911341432,4.883937368226162],[-74.05298828693513,4.883909850628426],[-74.0529179196581,4.883863192000983],[-74.05285091630131,4.883837923306485],[-74.05278433811982,4.883827297509563],[-74.05269563419748,4.883835552867423],[-74.05263503574187,4.88387380489621],[-74.05259093458291,4.883923466660112],[-74.05254438622964,4.884003003551411],[-74.05250025167597,4.8841196435292655],[-74.05246944751511,4.884316579636753],[-74.05244895454024,4.884413336914129],[-74.05242211387498,4.8845449309826146],[-74.05241560462382,4.88459750123575],[-74.05242330296029,4.884644823424015],[-74.05244200162144,4.884677866253025],[-74.05248135961313,4.88470538359756],[-74.05256723358421,4.884717349330862],[-74.05267257574592,4.884705247058532],[-74.05271253076812,4.884701958177216],[-74.05275069764623,4.884709736186803],[-74.05278826674177,4.884738449399327],[-74.0528127161157,4.884764469598956],[-74.05284168571265,4.884807544464655],[-74.0528538572223,4.884888136160878],[-74.05284167996892,4.884966285085533],[-74.05282484252785,4.885114536176233],[-74.0527954080552,4.88525934489696],[-74.05274015041452,4.8854016493529455],[-74.0526769341237,4.885482996609628],[-74.05262564672633,4.885526062235706],[-74.05251114479935,4.885585874238783],[-74.05242993651709,4.885620295969941],[-74.05239773232272,4.885651997535353],[-74.05236552710534,4.885692073184231],[-74.05235061678036,4.885744710206413],[-74.0523452475301,4.885797945771886],[-74.05235955787595,4.88585656637934],[-74.05237565729978,4.8859026249804565],[-74.05240785842939,4.885961245841469],[-74.05244672209038,4.886027312535405],[-74.05246938083843,4.88611464505228],[-74.05245506216238,4.886262987461742],[-74.052415699335,4.886380224996568],[-74.05238945565833,4.886478321821039],[-74.05235605639386,4.886575222631549],[-74.05233517946861,4.886668463573144],[-74.05225347575467,4.886802519166184],[-74.05218190948473,4.886889847611815],[-74.05212107978927,4.886943679867863],[-74.05206860020792,4.886968800447927],[-74.0519958444212,4.886986742549325],[-74.05191116266701,4.886961616322743],[-74.05179428044316,4.88689461827165],[-74.0516654690566,4.8868790613403235],[-74.05153784831846,4.886912553000671],[-74.05141261201796,4.886955615573159],[-74.05127115529595,4.887083592927122],[-74.05122177144838,4.887157785589911],[-74.05113231381124,4.887269039979598],[-74.05109096524737,4.887447469505053],[-74.05111679904003,4.887521701336993],[-74.05114452587925,4.887564696705868],[-74.05123217773105,4.8876111008803305],[-74.05128574174523,4.887630640359948],[-74.05145861332993,4.8876526268634155],[-74.05164516592828,4.8875741209021],[-74.05178113833463,4.887478420313698],[-74.05192187922975,4.887428180634673],[-74.05205386081276,4.8874075239864245],[-74.05213341401479,4.887420826606572],[-74.05219166855365,4.887460013181924],[-74.05228041021657,4.887556135650855],[-74.05237206645307,4.887649810284452],[-74.05238877973264,4.887753312363633],[-74.05237342269398,4.887846190902417],[-74.0522918345338,4.888019893230924],[-74.05207946990049,4.88812643283064],[-74.05190825578069,4.888146209365579],[-74.05166311758295,4.888136185498048],[-74.05138585305153,4.888067232394281],[-74.051225551728,4.888084453492939],[-74.05111247998914,4.888167712529863],[-74.05098223264122,4.888269633977106],[-74.05089110746258,4.888332795170316],[-74.05078852830746,4.888478742445016],[-74.05076709253552,4.888561089058399],[-74.05073127011688,4.8886797213211715],[-74.05065016048083,4.888823276206906],[-74.05053088521481,4.88892376139072],[-74.05041399677225,4.888997928431139],[-74.05033288859023,4.889103201491125],[-74.05030902927015,4.88924436550142],[-74.05034957053431,4.889493201424862],[-74.05037819103683,4.8896104418073],[-74.05042828159365,4.889701363490899],[-74.05054277682527,4.889823392591686],[-74.05063103574173,4.889852107684872],[-74.05076072134648,4.88984357487495],[-74.05093982134066,4.8897810388693985],[-74.05106529712569,4.889731276403594],[-74.0511759820418,4.88969060639183],[-74.05123694028842,4.889677469529074],[-74.05128618880296,4.889681518148992],[-74.0513243549112,4.889697789643019],[-74.05134534538273,4.88973463721025],[-74.05136061043552,4.889772441053134],[-74.0513644255185,4.889814073797561],[-74.05134665990816,4.889928701023087],[-74.05126793041757,4.890182316824887],[-74.05114149773696,4.890328262861037],[-74.05097689909812,4.89044310283082],[-74.05067855219072,4.890446445168416],[-74.05047119108119,4.890388051762369],[-74.05031614077632,4.890340192793522],[-74.05003942721365,4.890464598765337],[-74.04988198382276,4.8905890085862005],[-74.0497364829819,4.8906792488181186],[-74.04959812535957,4.890756764411287],[-74.04942446261408,4.89083523478002],[-74.04933667662887,4.89090988125723],[-74.04931568145767,4.8909835735214084],[-74.04934143993358,4.891082151180366],[-74.04943494153032,4.891245811848793],[-74.04950554765804,4.891319507628997],[-74.04956756654364,4.89137023417328],[-74.04964008106036,4.891417132726199],[-74.04969255928617,4.891441060931603],[-74.04978797612242,4.891453507185828],[-74.04988148565445,4.891434369791207],[-74.04997212120166,4.89136470489815],[-74.05001983157528,4.891311112155893],[-74.0500789931489,4.8912364641800865],[-74.05015584964711,4.891185589181337],[-74.05019894869773,4.891171097096335],[-74.05022578507948,4.891170739606387],[-74.05025655692337,4.8911786369477595],[-74.05030342955686,4.89120483750842],[-74.05033471101639,4.891240302258757],[-74.05037335376099,4.891319103740456],[-74.05039386184838,4.8914221449146105],[-74.05037668430808,4.89149679454749],[-74.05031943041944,4.891582927116991],[-74.05024348398283,4.891641465737792],[-74.05014767444669,4.891716907644985],[-74.0500598889659,4.89176092878876],[-74.04995302205158,4.891753267817393],[-74.04980799048995,4.891693924376542],[-74.04969349088476,4.891653723258226],[-74.0496103376422,4.891647829864306],[-74.0495435445889,4.891667924986161],[-74.04949120508216,4.891695824972387],[-74.04942331527454,4.8917626681296325],[-74.04938037452833,4.891839230891372],[-74.04935188592458,4.89195039577183],[-74.04935078311975,4.89212825914886],[-74.04935459373515,4.892258419087549],[-74.04936794928744,4.892332112898559],[-74.04941183635566,4.8924488754152495],[-74.04942137560315,4.8925043846291345],[-74.04941946469856,4.892570420892931],[-74.04940514983709,4.8926154023967],[-74.04938602222644,4.892673774750022],[-74.04938580861463,4.89267503212402],[-74.04915648494799,4.892676465049522],[-74.04912467922662,4.892675217007243],[-74.04910136208574,4.892672978409949],[-74.04908027456658,4.892670157718431],[-74.0490598251705,4.892664123538327],[-74.04903388204912,4.892653281204665],[-74.04897567834071,4.892628394663124],[-74.0486512071298,4.8924822865871835],[-74.04689298440474,4.891658406479232],[-74.04681402350526,4.891618414475993],[-74.04226885713537,4.8892696290881075],[-74.0413816309893,4.890800084650929],[-74.04035134328637,4.890311747556287],[-74.04014200800654,4.890159103585049],[-74.03972143034203,4.890085461297024],[-74.03894304981976,4.889949166359283],[-74.03850533926331,4.889777430059593],[-74.03842302807153,4.889694477288098],[-74.03709711217438,4.888355551438065],[-74.03707157111054,4.888351280287043],[-74.03705400771891,4.888318459446258],[-74.03704343706367,4.888303575710938],[-74.03703897149006,4.888305563305256],[-74.03703436534056,4.888307198358422],[-74.03702964745429,4.888308470024234],[-74.03702484486779,4.888309372880086],[-74.03701998732132,4.888309899695545],[-74.03701510455491,4.888310047759915],[-74.03701022270369,4.888309817978106],[-74.03699191734573,4.888308766921001],[-74.0369735031099,4.888303160914617],[-74.03695140404693,4.888291506519737],[-74.03694409088534,4.8882870516395665],[-74.03693843142445,4.88828317534144],[-74.03693296212896,4.888279033292517],[-74.03692769471431,4.88827463453262],[-74.03692264089575,4.8882699917173476],[-74.03691781328999,4.88826511207864],[-74.03633297258347,4.887645220683128],[-74.03632674095569,4.887638905532592],[-74.03632023534935,4.887632875112062],[-74.03631346747972,4.887627142077144],[-74.0363064517657,4.887621718179557],[-74.03629920082385,4.887616613363099],[-74.03629172997431,4.8876118384756],[-74.03628405363608,4.887607403460932],[-74.03627618893182,4.887603316455207],[-74.03626814847817,4.887599585594326],[-74.03625995120021,4.887596218110504],[-74.03625161151705,4.887593222139753],[-74.03599960850585,4.887508992512797],[-74.03570779340953,4.887502170890144],[-74.03550379411205,4.8887805023662985],[-74.03549641865213,4.888825057189398],[-74.03548860250169,4.888869536064151],[-74.03548034385835,4.888913935374737],[-74.03547164542591,4.888958248793662],[-74.03546250810564,4.88900247360913],[-74.03545293189761,4.8890466053014245],[-74.03544501813049,4.889098218051737],[-74.03543487768549,4.889144275109694],[-74.0354271219874,4.889186744531052],[-74.03541638467857,4.889239381331074],[-74.03540206808928,4.88930637433544],[-74.0353782317274,4.88940293929994],[-74.0346932529157,4.889105827099349],[-74.033964834873,4.888778222552989],[-74.03378682105944,4.888696627447701],[-74.033395623977,4.888529117486263],[-74.03293286555514,4.888340068780946],[-74.03222680279224,4.888033764618597],[-74.03180187750128,4.887852517795877],[-74.0298053485408,4.886969496220968],[-74.02874626065093,4.88650285704601],[-74.02764065695666,4.886046739281357],[-74.02760058518754,4.886002711824404],[-74.02757578127117,4.885949115153557],[-74.02754906889355,4.885889775664403],[-74.02751854207702,4.885805552367181],[-74.02743480411895,4.88560299991648],[-74.02632566473065,4.883300640172378],[-74.02628339510201,4.883240887608097],[-74.02621614390183,4.883184987200668],[-74.02617007358307,4.883148476487783],[-74.0260219490871,4.883045103235046],[-74.025319402804,4.8826836617077145],[-74.02531974261628,4.8826825806160725],[-74.02532664820203,4.882555794609557],[-74.02530281421441,4.88247029521045],[-74.02525320364511,4.882391812578846],[-74.02521885984416,4.88232290258135],[-74.02518642420895,4.8822482499665565],[-74.02513490901944,4.882127657256315],[-74.02509865979974,4.882014721737182],[-74.0250700438799,4.881899872997714],[-74.02503903398775,4.881792144447104],[-74.02501220746703,4.881651779432499],[-74.02496893612656,4.8814730187312865],[-74.0249307827532,4.881310316772782],[-74.02490980812134,4.881097849435111],[-74.02489538739675,4.880944527141584],[-74.02487023703564,4.880757374362985],[-74.02484959184557,4.880569199477124],[-74.02484163354855,4.880483415289775],[-74.02483892505046,4.880392071267499],[-74.02483307680845,4.880300057253181],[-74.02483479694328,4.88022267751459],[-74.02482973749662,4.880093414956065],[-74.02482020800427,4.879933108195314],[-74.02480986127303,4.8797701673121345],[-74.02480810427362,4.879583597050446],[-74.02482240178705,4.879370530529913],[-74.02483696497112,4.879177036999837],[-74.02482624274296,4.879025103350137],[-74.02481790070583,4.878936575684576],[-74.02480240219005,4.878849243533536],[-74.02477874732307,4.878771228727572],[-74.02474758594077,4.878668502541557],[-74.024720126729,4.878597770554119],[-74.02468822813898,4.878528556031835],[-74.02463183455659,4.878434760255424],[-74.0245605984311,4.878337985171442],[-74.02449381267392,4.87826949817584],[-74.0244151531594,4.878209941421733],[-74.02433055599123,4.878160805831734],[-74.02419846436811,4.878087846980155],[-74.02410941433278,4.878040199898746],[-74.02401145868069,4.8779925523028345],[-74.0238912395573,4.877934481022545],[-74.02373688502678,4.877858542342251],[-74.02360924774852,4.8777766509091975],[-74.02355878836302,4.877721562926765],[-74.02353143540817,4.877655174320059],[-74.02353143969489,4.877611450820086],[-74.02353728162431,4.877557288973105],[-74.02355532021393,4.877505434673665],[-74.0236110702048,4.877454606688163],[-74.02367606698614,4.877410424075737],[-74.0237339564719,4.877358322552373],[-74.02379778420497,4.87728537834917],[-74.02383341102694,4.8772243428334265],[-74.02388240027224,4.8771082238735515],[-74.02394178055758,4.876971263389148],[-74.02403678901713,4.87674795890313],[-74.02412437590523,4.876527630653387],[-74.02418820847834,4.876398114327587],[-74.02424964458142,4.876303956316667],[-74.02429977673067,4.876246696433949],[-74.02435594144474,4.876206078391424],[-74.02442866991326,4.876185242153798],[-74.02453108306963,4.876176317854131],[-74.02463349450088,4.876182280501022],[-74.02475668355139,4.876210576985444],[-74.02489174528206,4.87624929470436],[-74.02499415477563,4.876290988175236],[-74.02509804781094,4.876329703234684],[-74.02520194045378,4.876375863115162],[-74.02529989652243,4.8764130890322965],[-74.0254394110496,4.876453296574752],[-74.02556060361864,4.876472622118603],[-74.0256442331369,4.8764815982295575],[-74.02572735043758,4.876480115734662],[-74.02580304727181,4.876462257081547],[-74.02587577702282,4.87643397585029],[-74.02592772854972,4.876393784108891],[-74.02596929019448,4.876353590903412],[-74.02604054035419,4.876253849624077],[-74.02611921407247,4.876128801167294],[-74.02620828073611,4.87596206722687],[-74.02626766021373,4.875829573791844],[-74.02631702958774,4.87567269969578],[-74.02633168769829,4.875566396403461],[-74.02634209636308,4.875397549381738],[-74.02634329967718,4.875256383179898],[-74.0263528503858,4.8751391455752495],[-74.02636221656255,4.875000666309553],[-74.02634928898952,4.874914237353793],[-74.02631590015433,4.874838867001189],[-74.02627416120768,4.874774262111415],[-74.02623719152423,4.874724013823573],[-74.0261990276557,4.874692907271902],[-74.02614058787215,4.8746785469072975],[-74.02608095324982,4.8746785419212495],[-74.0260248963107,4.8746964830120865],[-74.02597241569364,4.874723994286458],[-74.02589369486005,4.874771840958562],[-74.02577322620937,4.874871125804519],[-74.02562293891383,4.874985960375861],[-74.02545357008925,4.875093615701911],[-74.02527585171933,4.87520007461859],[-74.02510767643345,4.875282607662987],[-74.02496693499428,4.875353179452572],[-74.02478921981302,4.875415373275983],[-74.02461508612153,4.875441679085974],[-74.02448150521899,4.875435686678688],[-74.02435389011764,4.875415339131704],[-74.02424297467313,4.87535312206764],[-74.02416784153648,4.875283729725494],[-74.02413206650043,4.875209555043433],[-74.02411298981579,4.875132989478012],[-74.024115381827,4.875048051034225],[-74.02414041521372,4.874950521096806],[-74.0242416297743,4.874728270002979],[-74.02428501264743,4.874657108069344],[-74.02433224750504,4.87459681711241],[-74.02441240068906,4.874527916168281],[-74.02450114190212,4.874464757509928],[-74.02457127582474,4.874408057350117],[-74.02465224958944,4.874345664779418],[-74.02477233763666,4.874236698930973],[-74.02488903028836,4.874105175087954],[-74.02497992043281,4.873998230605848],[-74.02506150793995,4.87390061786195],[-74.02512591875558,4.873818795069432],[-74.02520002130775,4.873730715737604],[-74.02523899598856,4.873681705415551],[-74.02530483746474,4.873607060858929],[-74.0254193448262,4.873486480784477],[-74.02556161216276,4.873337382931426],[-74.02570796258158,4.873224743820159],[-74.02585660964199,4.873120440920755],[-74.02597388714173,4.873049601923706],[-74.02611843287903,4.872977956237801],[-74.02622476818412,4.872939180217708],[-74.0263367979575,4.872920214295503],[-74.02644689442154,4.872923194072717],[-74.02654217521534,4.87294535282048],[-74.02662846260928,4.872975698054096],[-74.0267850070187,4.873054224165936],[-74.02691355986312,4.873162153001189],[-74.02703448739122,4.8732949541891575],[-74.02713037144467,4.873399040451412],[-74.02722223620175,4.87350338953851],[-74.02735381941444,4.873603335764446],[-74.0274570424317,4.873680530185672],[-74.02752455791591,4.873715365108355],[-74.02761910623477,4.873754383024277],[-74.02774075502344,4.873778979062457],[-74.02786465072782,4.873780992999867],[-74.0279676073871,4.8737623047603105],[-74.0280543578791,4.873744334319599],[-74.02813577785197,4.8737257100521125],[-74.02820233101083,4.873704180674445],[-74.02828320443793,4.873675783881947],[-74.02836508615557,4.873650123352003],[-74.02842131361618,4.8736252398248325],[-74.02848285742446,4.873595815170158],[-74.02855298989846,4.873559930487413],[-74.02861453498525,4.873522609917337],[-74.02872402855199,4.873454427633478],[-74.02880060286554,4.873397010522273],[-74.02893762249218,4.873307809371638],[-74.029017659675,4.873258043341176],[-74.02916716713099,4.873185660531343],[-74.02928036965451,4.873140995202113],[-74.02942821416796,4.873072613988926],[-74.02959946838982,4.8729955623862375],[-74.02974997137802,4.872926617171747],[-74.02985842955935,4.872871277810426],[-74.02997023783954,4.872788557386876],[-74.03006099223822,4.87273030646837],[-74.03015912749706,4.8726501127768485],[-74.03024845650982,4.8725847875417685],[-74.03033173413772,4.872497555058295],[-74.03040496708591,4.872429617566662],[-74.03054384545456,4.872262845583103],[-74.03067679551887,4.872100678861317],[-74.0307432414503,4.872015000316817],[-74.03082931670382,4.871917568759701],[-74.03087583533224,4.8718553636615525],[-74.03094859411755,4.871768037507223],[-74.03104998132773,4.871632859956775],[-74.03113109475689,4.871471363288798],[-74.03117284712008,4.871345752078937],[-74.03118835998548,4.871230907384162],[-74.03117524740217,4.871118452297987],[-74.03113708915022,4.871022744240231],[-74.0310846151346,4.870955746423038],[-74.03097728002035,4.870877978362118],[-74.0308771003599,4.870800211518355],[-74.03079361737305,4.870734408156858],[-74.03071252118808,4.870659033993291],[-74.0306302319599,4.870581267942731],[-74.03052170467396,4.870484358852479],[-74.03036427996149,4.870367108832122],[-74.03026052133049,4.870300107637774],[-74.03012694746128,4.8702223373012155],[-74.03000887527011,4.870175672203156],[-74.02990511540195,4.870136186846752],[-74.02980135548918,4.870097897385232],[-74.02958787073231,4.870040459028617],[-74.02937199823172,4.870012928203267],[-74.0291728235433,4.869991380388051],[-74.02901896866068,4.869987779722725],[-74.0289175917271,4.869982987496508],[-74.02881621360123,4.869984176617042],[-74.0287255699972,4.869993740339865],[-74.02848345587101,4.870003293825013],[-74.02828070123627,4.870009260556416],[-74.0281518922493,4.870003269123467],[-74.0280719835038,4.869996085121857],[-74.02797776385835,4.86997215221344],[-74.02791694032511,4.869931472805915],[-74.02785015539388,4.869874044915678],[-74.02771259722311,4.869681795493137],[-74.02763668973937,4.869551023343155],[-74.02758660609678,4.869431387219342],[-74.02756753492812,4.869277061318175],[-74.02755085235444,4.869078471469325],[-74.0275305902729,4.868897825522521],[-74.02751748293977,4.868730340383327],[-74.02751153373268,4.868544910618559],[-74.02749580055685,4.86837354383026],[-74.02746743163802,4.86817165671188],[-74.02744065859245,4.867990204111121],[-74.02742000405412,4.8678017227948605],[-74.02739948762427,4.867662019824348],[-74.02739233709565,4.867584259034484],[-74.02738518595838,4.867518460969179],[-74.02737207485413,4.867408398527042],[-74.02735701948967,4.867288771408969],[-74.02735340464304,4.867239779552966],[-74.02735300980495,4.867171525832228],[-74.02735897772538,4.867112907520938],[-74.02736136674366,4.867060269484256],[-74.02737926309379,4.866976528616198],[-74.02741147111577,4.86689278848145],[-74.02743175300633,4.866806655008028],[-74.02745561476439,4.866695399451939],[-74.02747708939377,4.8665996951343535],[-74.02748305705477,4.866545861368564],[-74.02750095180578,4.866475280035818],[-74.02751884539825,4.866427429145825],[-74.02755940022294,4.8663771866867425],[-74.02762500122486,4.866316179591385],[-74.0277001431385,4.866270724336732],[-74.02780152047103,4.866256376744038],[-74.02790766631065,4.86628868436743],[-74.02798399224629,4.866353291818261],[-74.0280577940053,4.866453567652195],[-74.02812828927382,4.866573424432833],[-74.02818639193353,4.866720988114885],[-74.0282553229533,4.866910262778066],[-74.02832909280565,4.867092583674329],[-74.02841516073646,4.867301260411618],[-74.02848721993374,4.867434799247015],[-74.02857838285061,4.867596624167607],[-74.02871022315117,4.867800889198933],[-74.02888791399644,4.868041361913364],[-74.02903221571484,4.868196893444646],[-74.0291216606577,4.86827705367159],[-74.0292003723098,4.868342856106286],[-74.0292993603004,4.868396697694438],[-74.02940073437415,4.868437379843805],[-74.02954385216754,4.868479260803038],[-74.02964165055123,4.8684972132054805],[-74.02976210922435,4.868515165773416],[-74.02988972528586,4.868510390025935],[-74.02999826079393,4.8684816860916245],[-74.03008413494082,4.868456569704372],[-74.03016762387082,4.8684266677419945],[-74.03025946147717,4.868394373436409],[-74.03036322787527,4.868346527412344],[-74.0304801155322,4.868259205173956],[-74.03057792086393,4.868165898855778],[-74.03064462505486,4.868080291731839],[-74.03067651362848,4.867959235931972],[-74.03066977871447,4.867850076882707],[-74.03065070126937,4.867778296933832],[-74.03061492552402,4.867712496666195],[-74.03057914945327,4.86765387457403],[-74.03053621609398,4.867616785774561],[-74.03043961388325,4.8675557672052525],[-74.03032511944023,4.867517477321621],[-74.03020466222235,4.8674911498626905],[-74.030063928732,4.8674576423412],[-74.0299482414406,4.867432511877167],[-74.02983374817468,4.867389436458549],[-74.02972283414674,4.867333201651709],[-74.02960586849254,4.8672434358326795],[-74.02932191894847,4.866951456253221],[-74.02922334059132,4.86685432777296],[-74.02906770156349,4.866675636814147],[-74.02902794526128,4.866614942617082],[-74.02895136050734,4.866514332295181],[-74.02887214897983,4.866410681889442],[-74.02882259364645,4.866323679869311],[-74.02878692586509,4.8662298700624955],[-74.02874813947795,4.866146843185327],[-74.02870091709846,4.866046349080873],[-74.02865369739708,4.86590996498851],[-74.02861363370913,4.865779323969514],[-74.02857357102602,4.86562858567717],[-74.02853923173893,4.865496509481642],[-74.02850059581058,4.86539745124223],[-74.02846768438222,4.865312749640512],[-74.02842761605189,4.865240967677922],[-74.02837752874288,4.865180669755905],[-74.02831742169663,4.865128984058726],[-74.02826446810204,4.865116060512616],[-74.02820292673708,4.865111749260956],[-74.02814854064083,4.865127536537429],[-74.02807411439728,4.865173470064351],[-74.02802115666971,4.865225146483393],[-74.02797535365706,4.865289744159725],[-74.02792955099584,4.865347164558968],[-74.02788947424688,4.865390228888921],[-74.02782077131516,4.865454825396224],[-74.02775636404834,4.865506501213625],[-74.02767335009706,4.86555817607838],[-74.02759033761649,4.865598366390888],[-74.02751448154751,4.865635685245406],[-74.0274586637826,4.86564429511862],[-74.02740857328872,4.865629935293128],[-74.02736707019798,4.865596914089115],[-74.02733988224772,4.865530875447077],[-74.02731842208995,4.865431818023233],[-74.02730841187334,4.865324149362649],[-74.02731843220073,4.865286824438309],[-74.02734276633734,4.865242323879256],[-74.02738570569907,4.865190646096164],[-74.02744868249887,4.865144712059528],[-74.02753312651588,4.865094472749405],[-74.02763188439606,4.8650356214290795],[-74.0277843767449,4.864962072968363],[-74.02791813397002,4.864897826864694],[-74.02803835864377,4.864841847477399],[-74.02816001541507,4.864782998134571],[-74.02827594747156,4.8647140984920165],[-74.02834178526925,4.8646710354230445],[-74.02842766149033,4.864613618796624],[-74.02853643862319,4.864534669664946],[-74.02861086421703,4.864481558811282],[-74.02869817271694,4.864416964042555],[-74.02877689289464,4.864353804294413],[-74.02886133852729,4.864284902094746],[-74.02892860919813,4.864221741766161],[-74.02900017390321,4.864160016191507],[-74.02906458094735,4.864108340251549],[-74.02912612687874,4.86405379235233],[-74.02921832616946,4.863966399511949],[-74.02928643259095,4.863894454709739],[-74.02935310199598,4.863814660026159],[-74.02940471377674,4.863749956771397],[-74.0294710735439,4.863661903675534],[-74.02952209811379,4.863589252048915],[-74.0295947499163,4.863481412021849],[-74.02967850537767,4.863348914874535],[-74.0297401671231,4.863244168487111],[-74.02979742333589,4.8631321967002865],[-74.02987042294077,4.863004435653656],[-74.02994199022956,4.862902514526509],[-74.0299897907548,4.862838921080309],[-74.03001085798694,4.862810893646677],[-74.03006961018947,4.862753932912723],[-74.03015239390403,4.862642689067007],[-74.03023046882524,4.862495440200093],[-74.03028804159864,4.862355752713352],[-74.03033132144597,4.862240738466339],[-74.03035565667892,4.862166089623056],[-74.03039144582064,4.8620340195015554],[-74.03043868768731,4.861850268111102],[-74.03047877762714,4.861611964574299],[-74.03049974399092,4.861386901038606],[-74.03051815707573,4.86124475750511],[-74.03052541823266,4.861061186834766],[-74.03053645331651,4.860862188813713],[-74.03054610401448,4.860744877878804],[-74.03056547853785,4.860585110288794],[-74.03060273203057,4.8603930014978],[-74.03062694488155,4.8602733446111674],[-74.03065491413197,4.860166345754344],[-74.03069213311271,4.86005724385875],[-74.03072648676621,4.85997828999951],[-74.03077515350145,4.859884980441669],[-74.0308281137197,4.859804591077412],[-74.03089252235911,4.859725638594879],[-74.03095836198023,4.859648121626709],[-74.03103293099564,4.85955630383382],[-74.03113441100368,4.85946007242425],[-74.03121618942191,4.859386642865845],[-74.03128755823192,4.8593165248565775],[-74.03137638056788,4.859254449071693],[-74.03150940315987,4.859161497619579],[-74.03166684072998,4.859058146515273],[-74.03180280861642,4.858977762599979],[-74.03193107667542,4.8589015418572625],[-74.032021789155,4.858848575063098],[-74.03216634434735,4.858765321448082],[-74.03231519371167,4.858679196176114],[-74.03246261253942,4.858580150808356],[-74.03262434319578,4.858472493299262],[-74.03279609332866,4.858357658004107],[-74.03297607716414,4.858248391282316],[-74.03313169944572,4.858142605444931],[-74.03337574661609,4.858008850024316],[-74.03356896244533,4.857914114521906],[-74.03372496608203,4.857843781049959],[-74.03383660076689,4.857812205696057],[-74.03394537159468,4.857800727481037],[-74.03404126055997,4.857802169620237],[-74.03415146042344,4.857817967791056],[-74.03421729363983,4.857839505942856],[-74.03431461162495,4.857891193552524],[-74.03437740924703,4.857946366231451],[-74.03441764812946,4.858017530473673],[-74.03443767716635,4.858138121275222],[-74.03444053623139,4.858191237752276],[-74.03443623810996,4.858268758482939],[-74.03442335130386,4.858359199767319],[-74.03440331137794,4.858418057130261],[-74.03437596848501,4.858495956573229],[-74.03431558929994,4.8586241905061],[-74.03424872313909,4.8587381817037985],[-74.03416740898501,4.858839589468775],[-74.03408984920547,4.858916184253199],[-74.03401399127063,4.859003749302483],[-74.03391590998851,4.859123454778409],[-74.03369905047461,4.859375389797702],[-74.03359416349583,4.859515045776939],[-74.033485370652,4.859658019030241],[-74.03342715463091,4.859792907767516],[-74.03341140491966,4.859876544053988],[-74.03341139973699,4.859956936769202],[-74.03341833596978,4.860023553748139],[-74.03345718946976,4.860080399591752],[-74.03350012172282,4.8601363904788615],[-74.03354877895771,4.860175154335637],[-74.03362033723833,4.86020387006175],[-74.0336918951618,4.8602196666847295],[-74.03380352814783,4.8602168022498375],[-74.033912299777,4.860195275857772],[-74.03400819200587,4.860169441645576],[-74.03413270841496,4.8601163331464905],[-74.03424720730375,4.860064659667969],[-74.03431733842146,4.860020160725276],[-74.03438890070954,4.859972791827445],[-74.03445187541834,4.859932598943368],[-74.03451341923095,4.859888099629858],[-74.03459929397891,4.859839295836215],[-74.03468230534217,4.859799104646288],[-74.03477247267963,4.859764656458686],[-74.03485405114301,4.8597474342791],[-74.03496854605842,4.859747441579899],[-74.03507445329966,4.859757497608798],[-74.03517177236132,4.859790522369655],[-74.03527052052196,4.859850822627716],[-74.03534637017306,4.859903943789247],[-74.03542937565946,4.859967115217107],[-74.03550951813395,4.860030285618565],[-74.03558966040032,4.860099198734755],[-74.03565262924323,4.860162367543864],[-74.0357084403672,4.860241327882426],[-74.03576711296702,4.86033751559617],[-74.0358472523518,4.860459545038882],[-74.03590020089838,4.860551426153866],[-74.03595028631928,4.860646177160384],[-74.03598319785752,4.8607466702262405],[-74.03601610924086,4.860851469655416],[-74.03603106844615,4.860977010176275],[-74.03601752612116,4.86108116240555],[-74.03599748408759,4.861173038893244],[-74.03597887160872,4.861280706344523],[-74.03596312021125,4.86141565026267],[-74.03594021452122,4.861523316642654],[-74.0359216036404,4.861612322271902],[-74.0358958362997,4.8617070685400705],[-74.03586434262394,4.861831962756612],[-74.03582757115184,4.861946411752447],[-74.03578561213574,4.862070264221158],[-74.03572978623639,4.862229610213153],[-74.0356899487246,4.862349049727406],[-74.03563101727053,4.862486573599503],[-74.03560524991114,4.862579884398726],[-74.03559093043354,4.862713392903414],[-74.03558806168719,4.862813882774964],[-74.0355995034737,4.8629416504658245],[-74.03562735217005,4.8630443471476665],[-74.0356796394963,4.863111054453864],[-74.03573974720734,4.863155561320838],[-74.03584846854824,4.863210384913077],[-74.03594297213833,4.863238837330176],[-74.03601596246318,4.863253197403403],[-74.03610040268977,4.863256074268201],[-74.03617053186207,4.863244593313902],[-74.03624924867896,4.863224499949931],[-74.03637233424489,4.863175698258293],[-74.03648253915715,4.863129766063541],[-74.03660991906737,4.863073786311592],[-74.0367702176917,4.863003452311883],[-74.03689495324075,4.862930117683775],[-74.03778858786359,4.864008195061257],[-74.03792771294584,4.864230556343248],[-74.03793383438915,4.8642634789192325],[-74.03786273459836,4.864274178114555],[-74.03803046661933,4.864526988672626],[-74.03816465374696,4.865022719822508],[-74.03822641303707,4.865522721312349],[-74.0382008333076,4.866003488418185],[-74.03813477958546,4.866486391901897],[-74.03809196164897,4.866795991238903],[-74.03964907721522,4.867518573719895],[-74.03967935046148,4.867469884057866],[-74.03977640340308,4.867248931169585],[-74.0398265281228,4.867137683260239],[-74.03985211004914,4.867080805557926],[-74.03992146328294,4.8669138593691965],[-74.03999825022754,4.866750217311003],[-74.04008572798436,4.866554686436085],[-74.04017195557779,4.866364562870156],[-74.04032932463107,4.866443164515908],[-74.0405303421988,4.866530268154636],[-74.04056456438136,4.866450951320835],[-74.04057990182625,4.866415024758449],[-74.04060656525559,4.866352567949622],[-74.04061456660502,4.86633165015438],[-74.04065373878183,4.866229250489957],[-74.04066163391761,4.866232933386284],[-74.04074431529509,4.866268984170441],[-74.04078164443182,4.866285260763011],[-74.04079900816288,4.866292831796072],[-74.04080396910018,4.866294995981353],[-74.04084778936307,4.866314103006449],[-74.04086432672322,4.866321314244273],[-74.04087756703278,4.866287538983698],[-74.04089731709126,4.866237154953934],[-74.0409040945132,4.866219865527405],[-74.0409098544202,4.86620517579714],[-74.04092895016434,4.8661564622248665],[-74.04093030835223,4.86615299566176],[-74.04095241067209,4.86609660954958],[-74.04095367693192,4.866093379815535],[-74.04096329780258,4.866068838175543],[-74.04097839378099,4.866030326330913],[-74.04099628814586,4.865984680687492],[-74.0410187040903,4.865927497308505],[-74.0410236375443,4.865914911921086],[-74.04119847053335,4.865995168114936],[-74.0412028384974,4.865997173185798]],[[-74.03977935854438,4.874456911441175],[-74.03959561981641,4.874866144582887],[-74.03952607772882,4.875021031243452],[-74.03952517917281,4.875023033437494],[-74.03933299622297,4.8754510690440656],[-74.03921204055672,4.87575014118069],[-74.03882325390333,4.876639421777397],[-74.03860633060906,4.877140155556789],[-74.03827080618237,4.87791592465462],[-74.03816629932204,4.878107853324931],[-74.03811864689352,4.878460658834704],[-74.03881115462485,4.878741690393648],[-74.03937973684839,4.878982780181961],[-74.03941849844135,4.879005512823875],[-74.03944592856519,4.8790222628192454],[-74.03947335941261,4.879044395767243],[-74.039503175258,4.879080885144892],[-74.03954312773004,4.8791191700810606],[-74.03956817309178,4.8791419013529085],[-74.03960514495907,4.879163437109825],[-74.03964867753612,4.8791855714897405],[-74.03967298431613,4.879196305661529],[-74.04016053854619,4.8794116144839474],[-74.04072566143594,4.879674317093564],[-74.04107599893209,4.87985539327269],[-74.04129073788921,4.879967007384998],[-74.04130320669225,4.879973488103175],[-74.04156087447565,4.880112029062076],[-74.04179988327103,4.880241962060548],[-74.04218344249608,4.880447270535256],[-74.04245680138428,4.880587971120299],[-74.04257895090375,4.880655092988034],[-74.04261208573254,4.880673301071071],[-74.04264786545151,4.880696272080221],[-74.04267410339479,4.880714457363566],[-74.04269223155555,4.880728336050635],[-74.04271799264349,4.880750827681421],[-74.04275186346352,4.880779541351426],[-74.04278524597063,4.880803489442207],[-74.04282975731024,4.880831006597159],[-74.04286635896115,4.88085324000423],[-74.04292247779367,4.880880168114742],[-74.04295136181375,4.880893520103185],[-74.04301979903931,4.880925154457386],[-74.04331365776568,4.881038851916719],[-74.04337132850435,4.881065629978938],[-74.04340179298933,4.881088424532832],[-74.04342543351608,4.881113534787538],[-74.04359427210223,4.881500344628949],[-74.0436385637282,4.881524146536979],[-74.04377460239861,4.881574927165591],[-74.04383742391725,4.881487895860575],[-74.04391567225464,4.8813309435164625],[-74.04402932991508,4.881062475027777],[-74.04414795207495,4.880798789387379],[-74.04423681738537,4.880604411518595],[-74.04423910476237,4.880599464323614],[-74.04438107019314,4.880661660825381],[-74.04447348911042,4.880701320824174],[-74.04474817339455,4.880025504632133],[-74.04454710994834,4.879933432416118],[-74.04487672868689,4.879239360728644],[-74.045153600213,4.878739529474449],[-74.0455214186983,4.878894589331968],[-74.04606351052689,4.87911435433681],[-74.04672329450916,4.879386858257159],[-74.04704559339417,4.879534538300408],[-74.04715724043146,4.879279967272985],[-74.04734196477777,4.878812160524368],[-74.04691025862203,4.878637190085871],[-74.04703335836813,4.878324238456911],[-74.04711101197859,4.878113786105465],[-74.04733561885226,4.877587894935846],[-74.0463399875172,4.8771991898228855],[-74.04596564768966,4.877049175134418],[-74.04515992172134,4.876722209955615],[-74.04471950023758,4.876546001298991],[-74.04351216782233,4.87605662303154],[-74.04198454469845,4.875414969225395],[-74.04133830825772,4.875128968868088],[-74.03978782422706,4.874460560920328],[-74.03977935854438,4.874456911441175]]]]},"properties":{"area_1":"799.576553713","area":"799.576554039","shape_area":"7995765.53713","objectid":"4","nombre":"Vereda  Bojac ","shape_leng":"22262.1299902","id":"0","perimetro":"22262.1299902","shape_le_1":"22262.1302403","cod_vereda":"0004"}},{"type":"Feature","geometry":{"type":"MultiPolygon","coordinates":[[[[-74.06702413852874,4.884674349893495],[-74.06353014164904,4.883232298054688],[-74.06335886024904,4.883506958328059],[-74.06260525551602,4.883197944530851],[-74.062810792759,4.882888951916942],[-74.05774110853,4.88058850723493],[-74.05676784441894,4.880441146720178],[-74.05691380930219,4.880422617992006],[-74.05708194561807,4.880389264800961],[-74.05716328274458,4.880363711945926],[-74.05722196365163,4.8803432562316935],[-74.05726116964253,4.8803188465499066],[-74.05727420574841,4.8802836816241015],[-74.05727780095623,4.880237303275194],[-74.0572684827905,4.8802018534533405],[-74.05725563099095,4.880170585226329],[-74.05721731849864,4.88013760928076],[-74.05717688723844,4.880111768104762],[-74.0571373841558,4.88009459751132],[-74.05703391652912,4.880087181756285],[-74.05694153462126,4.880072352867965],[-74.05673644708386,4.880026014518456],[-74.05659151748009,4.879966037963164],[-74.05648775454996,4.879925838982881],[-74.05642707245009,4.879902389418379],[-74.05640224002367,4.879885999000754],[-74.05638509041883,4.879858363650368],[-74.05635074489086,4.879737773445317],[-74.05630494985976,4.879590385884157],[-74.05627523248174,4.879414405974825],[-74.0562730871747,4.879360930760227],[-74.05628024586761,4.879304943578716],[-74.05629732767078,4.8792477605697195],[-74.05631209313114,4.879221681162381],[-74.05633642474886,4.879203736377566],[-74.05636576516936,4.879192970713382],[-74.05644236089435,4.879176942705829],[-74.05652749452926,4.879166417936235],[-74.0566194510662,4.879164985023838],[-74.05667562735906,4.8791567325071465],[-74.05672860806045,4.879140584057731],[-74.05688700067118,4.8790582816615995],[-74.05700913444794,4.878972150783112],[-74.05715607635747,4.878889849142907],[-74.05727248430738,4.878868797232066],[-74.05734309140185,4.878868799526416],[-74.05742133272724,4.878842003702082],[-74.05750530073765,4.878742472489836],[-74.05751102948064,4.878631454408603],[-74.05745950778065,4.878526176861743],[-74.05732974574683,4.878443866953933],[-74.05721334123085,4.878371127112603],[-74.05714082768847,4.878309873009237],[-74.05709503025808,4.878235221817315],[-74.05709885023204,4.8781376028058006],[-74.05716182985745,4.877961506076928],[-74.05724007353888,4.877840920316864],[-74.05735839161599,4.877720334821447],[-74.05741254232548,4.87764688204202],[-74.05742350644589,4.877622890681508],[-74.05743341537134,4.877582807398833],[-74.05742196690139,4.877532920758737],[-74.05740300509339,4.877492557060849],[-74.05736007187478,4.877390869100987],[-74.05733622046164,4.877309518079669],[-74.05734099277605,4.877238935874276],[-74.05739108812722,4.877156391253241],[-74.05745430191512,4.87711332623464],[-74.05753779066318,4.877091794968588],[-74.05758907680665,4.877095384842538],[-74.0576654079017,4.877128884392874],[-74.05776082082085,4.877180329042607],[-74.0578335742213,4.877207846285839],[-74.05787427304648,4.8772240053396],[-74.05791410859237,4.877229270117643],[-74.05795284297791,4.877217420617178],[-74.05800293613028,4.877189906828913],[-74.05808761913916,4.877136074159349],[-74.05816753135605,4.8770547273688205],[-74.05824863573802,4.876991324660541],[-74.05829157330174,4.876975773534864],[-74.05833808870031,4.87694347425097],[-74.05837744970228,4.87687289312558],[-74.05837148878419,4.876779580414433],[-74.05834048195638,4.876664733039671],[-74.05827965701724,4.87660013002602],[-74.05816662116733,4.876566313961569],[-74.05808383820715,4.876576081452956],[-74.05800891716939,4.876603710807305],[-74.05796284700114,4.876630554801815],[-74.05792945223361,4.876642217219666],[-74.05785848664539,4.876650589976287],[-74.05777648853753,4.876672420495438],[-74.0577469697844,4.876687672468439],[-74.05772520218858,4.876706813232686],[-74.0576771941523,4.876777992672781],[-74.05763813237863,4.876833021495313],[-74.0575987724505,4.876865022477326],[-74.0575401829675,4.8768716723730305],[-74.0574698150724,4.876845351024431],[-74.05741718824761,4.876800116680315],[-74.05738036670635,4.8767388763982105],[-74.05738170791554,4.876704709335375],[-74.05739005867093,4.876663436458453],[-74.05741495915774,4.876595319427635],[-74.05745909020705,4.876533111570933],[-74.05750441447775,4.876463726446391],[-74.05758194345552,4.876315386104509],[-74.05768809705805,4.876165849119785],[-74.05773100878233,4.87609646305997],[-74.0577536785458,4.8760625130740785],[-74.05779186510743,4.87602349027961],[-74.05783263615542,4.876006766760999],[-74.05788847330125,4.876001959049943],[-74.05800058551515,4.87600196242752],[-74.05808645847195,4.8760151251753445],[-74.05817352363275,4.876042642464446],[-74.05828444253603,4.876067768050633],[-74.05838462826233,4.876084519474335],[-74.05845740237466,4.876097099064981],[-74.05855995198235,4.876106058523719],[-74.05861960743451,4.87611325326832],[-74.05867564279448,4.87611922134534],[-74.05878298409725,4.876120420480071],[-74.05888199836879,4.8761198406086255],[-74.05895117311441,4.876134198176738],[-74.05898693336992,4.876146745002862],[-74.0590352571836,4.876159323519264],[-74.05909131334643,4.876149156257053],[-74.05912888428693,4.876118052790452],[-74.05914677587431,4.876077378338042],[-74.05915534822081,4.876033006737601],[-74.05914797124318,4.875984065661184],[-74.05913664165017,4.875929633140916],[-74.05911338569423,4.875865031260653],[-74.05906446742674,4.875778280965638],[-74.05904314084397,4.875736066035455],[-74.05900855415099,4.87568031727747],[-74.05898456087783,4.875652665689275],[-74.0589629944896,4.87563246346936],[-74.05893937963188,4.875625045643949],[-74.05890860833772,4.875629830053342],[-74.05887354281957,4.875642031258407],[-74.05884620954762,4.8756538582666336],[-74.0587821822884,4.8756793535588825],[-74.05865418558827,4.8756981169046405],[-74.05851702641323,4.875722038957333],[-74.05840491320708,4.875748354743576],[-74.05836676834328,4.8757510012744705],[-74.05833766609445,4.87574765112269],[-74.05831500563373,4.875734730101983],[-74.05829637992873,4.875701695563525],[-74.05828684015152,4.875652645992883],[-74.05827610726593,4.875590437780581],[-74.05826299093216,4.8754899459451755],[-74.05831656571154,4.875377283841516],[-74.05837987838545,4.875338017084155],[-74.0584550181957,4.875322467020703],[-74.05850749660438,4.875303327293239],[-74.0585647458756,4.875294955302909],[-74.05861722419687,4.875292563742341],[-74.05868162886284,4.875300939952815],[-74.05873172074963,4.8753141006363725],[-74.05880924594798,4.8753117100836665],[-74.05887183478595,4.875303951866342],[-74.05891190912203,4.8752915111400394],[-74.0589624797095,4.875267585917175],[-74.05905360327743,4.87520298724157],[-74.05912755100965,4.875131688488591],[-74.05915347303774,4.875107444057467],[-74.05918494822235,4.875082028143567],[-74.05922384292948,4.8750566023148],[-74.05928752051304,4.875015036756969],[-74.05934476984189,4.87498273744358],[-74.0593890320441,4.874957312529791],[-74.05945045658459,4.874926808445338],[-74.05949458625736,4.874914248379214],[-74.05954037227166,4.874915749082093],[-74.05957866929808,4.874938176839785],[-74.05960669720245,4.874968683963599],[-74.05962279686203,4.875014742406122],[-74.05962577695097,4.875060800803243],[-74.05961325291493,4.875105063924726],[-74.05958926568071,4.875153817773261],[-74.05953320757389,4.875229184365173],[-74.05949146228176,4.875285410103319],[-74.05944375383667,4.87532727946291],[-74.059384118023,4.875385897853278],[-74.0593781537506,4.87543135780959],[-74.05938530820676,4.8754636582767485],[-74.05941512494732,4.875506726546397],[-74.05945328953958,4.875525868493346],[-74.05952127282822,4.875548600990221],[-74.05959402618706,4.875558173053998],[-74.05964292584723,4.875566549118116],[-74.0597276065558,4.875562961669102],[-74.059778892637,4.875553392741024],[-74.05985522472979,4.875534253888498],[-74.05991247402542,4.875518702702645],[-74.05998045747405,4.875491189722996],[-74.06001266082292,4.875461282101559],[-74.06003890099943,4.875420608552339],[-74.06005202253492,4.875365577707721],[-74.06004248272546,4.875284228625246],[-74.06002697969025,4.875213645434983],[-74.06001743981811,4.875156221800341],[-74.06001505537226,4.87511674317632],[-74.0600222127723,4.875073675942965],[-74.06007111445247,4.8749923270239695],[-74.06012684713595,4.874921841654579],[-74.06019754422074,4.874811686970623],[-74.06026076410208,4.87469472289023],[-74.06029344062682,4.874623628193882],[-74.06031968075088,4.8745842300901545],[-74.06034890196129,4.8745686787987115],[-74.06037156338884,4.874553126586824],[-74.06040972890821,4.874548940534503],[-74.06043775686707,4.874564493766447],[-74.06046697614298,4.874608160396683],[-74.06050215856982,4.874673360665486],[-74.06053376328244,4.874731382747859],[-74.06056536797138,4.874803760278716],[-74.06060353153875,4.874882120087094],[-74.06062619196557,4.874920402838244],[-74.06064766016529,4.87493296491542],[-74.06065720109073,4.874936554474085],[-74.06067509156344,4.874944330188306],[-74.06070609973968,4.874987996810998],[-74.06073293452452,4.875014316841743],[-74.06075022841124,4.8750214950494115],[-74.06078541186437,4.875041832826597],[-74.06082549869966,4.875070104479708],[-74.06085697194177,4.875092080183842],[-74.06089334857636,4.875116007497685],[-74.06096967962301,4.875141730090335],[-74.06102990996608,4.875157284246753],[-74.06110087442994,4.875171043188994],[-74.06114440748814,4.875166857101681],[-74.06118495849918,4.875160278282574],[-74.06122133608434,4.875151905138349],[-74.06126367687703,4.8751321667773215],[-74.06132033045766,4.875072352306103],[-74.06134001168076,4.875002966895655],[-74.06134911739667,4.874934856028893],[-74.06132824670445,4.874889396030679],[-74.06130618282708,4.874852907621976],[-74.06129366080715,4.874791895365462],[-74.06126861672807,4.874716526742264],[-74.06123045125443,4.874672860137681],[-74.0612167369444,4.874632783097962],[-74.06120660038275,4.874581939248182],[-74.06119228858786,4.874539469481511],[-74.06116008722589,4.874492214242724],[-74.06110403311693,4.874434789663054],[-74.0610515549061,4.874410263931755],[-74.06094719499876,4.8744204294808915],[-74.06082315572768,4.874442558610043],[-74.06072356672631,4.874452126628864],[-74.06064723388928,4.874465882625812],[-74.06060727952409,4.874462293007563],[-74.06058104042557,4.874450328422813],[-74.06053392972393,4.874431186520711],[-74.06050769152532,4.874421017155315],[-74.06048741654762,4.874397089854991],[-74.06047727908123,4.87437495779833],[-74.06047429895283,4.8743217221308575],[-74.06047907087331,4.874272075116713],[-74.06050411875648,4.874203885651598],[-74.06051604704832,4.874150649111676],[-74.0605595809955,4.874121939205391],[-74.06061683016473,4.874101603411349],[-74.06066274862825,4.874089042367771],[-74.06067825271309,4.874101604432939],[-74.06069316112153,4.874108184230393],[-74.06070926273244,4.87410160539416],[-74.06071820797791,4.874094427233245],[-74.06072655754059,4.874084258841957],[-74.06074267086711,4.874077108715682],[-74.06075756757686,4.874074091394592],[-74.06076591621371,4.874077680045775],[-74.0607867878235,4.874076484170859],[-74.060823761055,4.874060933775666],[-74.06084165153354,4.874051961309541],[-74.06086252405404,4.874044185662519],[-74.06088160681233,4.8740328213754465],[-74.06093033972803,4.87399383457415],[-74.06103129227094,4.873903024132098],[-74.06112968988849,4.873828855183045],[-74.06125611634963,4.873751097611678],[-74.061364652333,4.873667357735056],[-74.06140937848424,4.873645227544181],[-74.06152208781815,4.873611733078108],[-74.06162942964013,4.873589005404626],[-74.06169920168774,4.873567473612763],[-74.06173990670473,4.873548767518228],[-74.06176897554462,4.873499883424666],[-74.06178507804043,4.873454423446825],[-74.06176659282787,4.873367689619191],[-74.0616759519634,4.873276169411388],[-74.0616270524496,4.8732546348587436],[-74.06156503248327,4.873264203922681],[-74.06141499225849,4.873316838366779],[-74.06131623700229,4.873359902827329],[-74.06114162662861,4.8734402917213435],[-74.0610242643948,4.873517809740496],[-74.06084535971543,4.873631216720449],[-74.06075232968689,4.873651312024556],[-74.06067504442845,4.873639825535016],[-74.0605777221454,4.873596756281999],[-74.06050473206236,4.873543637076527],[-74.06041599820198,4.8734804696449725],[-74.0603430082692,4.873374234983118],[-74.06028862432706,4.873276613990846],[-74.06027157032507,4.873221283860116],[-74.0602691858756,4.873180010916375],[-74.06028051754296,4.873141729139687],[-74.06037842949972,4.8730199869067805],[-74.06037897742495,4.873019411099085],[-74.06040347635064,4.872993668788435],[-74.06042256003501,4.872961368389275],[-74.06043806598858,4.872930264796459],[-74.06044999331992,4.872896170062117],[-74.06045834290838,4.872869252593157],[-74.06046192159423,4.872842336017588],[-74.0604595361889,4.872821399887511],[-74.06045297737649,4.872798071926376],[-74.06044224334322,4.872777734185203],[-74.06043246455557,4.872764933487088],[-74.06041767515812,4.872748663460716],[-74.06039859248885,4.872733349791379],[-74.0603818952655,4.872720428852819],[-74.06035565715197,4.872703201527399],[-74.06030508782891,4.872676402335184],[-74.06027234943075,4.872660689992017],[-74.06024342757767,4.8726436416354115],[-74.06023120295458,4.872635267516137],[-74.06022494150073,4.872629285233729],[-74.0602189783432,4.872622406244789],[-74.06021152372834,4.87261074270426],[-74.06018691592939,4.8725729580017205],[-74.0601697420382,4.872539460699203],[-74.06016210992033,4.872516491595897],[-74.06015638563464,4.872488736141914],[-74.06014779919309,4.8724523679519995],[-74.06013635056337,4.872419827934836],[-74.06012203888301,4.872376759735251],[-74.0601020038004,4.8723145515208595],[-74.0600805844664,4.8722624863985535],[-74.06005940390745,4.872226118172404],[-74.06004986214687,4.872213676332875],[-74.06004318346581,4.872201234501271],[-74.06004032131997,4.872189749951476],[-74.06003841354199,4.872175393590984],[-74.06004127666124,4.872161038147853],[-74.06004604759582,4.872147639077268],[-74.0600594059831,4.872127541844563],[-74.06007562745363,4.872105530077225],[-74.06010520640142,4.872065334714153],[-74.06013955715322,4.8720213102779395],[-74.06018535755202,4.871961017684139],[-74.06023497447626,4.871901681463958],[-74.06029687643594,4.87182798981872],[-74.06036426483129,4.871749632952553],[-74.060407798679,4.871699388521033],[-74.0604559844727,4.8716419062592164],[-74.06048246233165,4.87162755176945],[-74.06051072903709,4.871618938197482],[-74.06053935350559,4.8716142739334956],[-74.06056046385092,4.871614991704359],[-74.06058336304955,4.871618940155267],[-74.06060304229173,4.871627554730898],[-74.06062128953987,4.871639039308724],[-74.06063739015828,4.871649807058461],[-74.06065098637546,4.871659497308049],[-74.06066458349491,4.87166882869366],[-74.0606796107981,4.871679955304051],[-74.06069034484464,4.871687492365351],[-74.06070072021498,4.871696823744273],[-74.06071216979561,4.871710103529463],[-74.0607200416619,4.871720511494568],[-74.06072648153986,4.871730560593325],[-74.06073327919002,4.871740609692638],[-74.06074079328178,4.871752811975296],[-74.06075259972118,4.871773987665422],[-74.06076548037862,4.871795162453265],[-74.06077836103931,4.8718149017861165],[-74.06078981061376,4.871833924292831],[-74.06079589271874,4.871845767708702],[-74.06080125927501,4.871860482032795],[-74.06080340589001,4.871870890891136],[-74.06080591027417,4.871883093164557],[-74.0608076991226,4.871890271345182],[-74.06081270791215,4.871902114759081],[-74.06081950647065,4.871909651811694],[-74.06083095607187,4.871913958194806],[-74.06084634117153,4.871915035714889],[-74.06085850632746,4.871912882552357],[-74.06086852485303,4.87190929393148],[-74.06087639674986,4.871903193261296],[-74.06088176424136,4.87189745054683],[-74.06088748951042,4.87188811919605],[-74.06089178279036,4.871878429883237],[-74.06089571919877,4.871869098529602],[-74.06090108669314,4.871861202632873],[-74.06090877565144,4.8718526450564905],[-74.06092022527308,4.871843075074282],[-74.06093262925287,4.871833983276917],[-74.06094598759225,4.87182441329711],[-74.0609555293943,4.8718157996786955],[-74.06096507119338,4.871809100602442],[-74.06097699844433,4.871799051532411],[-74.06098754146976,4.871788189819276],[-74.0609939822765,4.871781729378044],[-74.06099779882081,4.871775269837027],[-74.06100280854055,4.871767852122577],[-74.06100710181366,4.871761392582167],[-74.06101115717378,4.871754214410102],[-74.06101473580519,4.8717467975975275],[-74.06101712125945,4.871741533965415],[-74.06101986088339,4.871734459744444],[-74.06101986179671,4.8717254872483595],[-74.06101949953077,4.871716610569275],[-74.06101735741609,4.871708259980135],[-74.06101306416788,4.871696775432352],[-74.06100519230625,4.871679907020368],[-74.06099195478575,4.871649400876739],[-74.06098909262313,4.871640069512928],[-74.06098694600146,4.871632891332213],[-74.06098587269469,4.871626431784342],[-74.06098623048022,4.871616741561347],[-74.06098658826575,4.871607051338348],[-74.0609876624958,4.871597719980058],[-74.06100056754885,4.871575811234407],[-74.0610139258918,4.871559158892982],[-74.06103224618145,4.871540592919623],[-74.06105151992845,4.871521452041957],[-74.06106068052384,4.87151149878423],[-74.06106926796177,4.871502502796777],[-74.0610757565317,4.87149312353651],[-74.06107951359803,4.871484378837717],[-74.06108249474083,4.87147570554908],[-74.06108663391726,4.871461924103927],[-74.06108965201341,4.871449386477082],[-74.06109382633622,4.8714353302345454],[-74.0611003870241,4.871406618435753],[-74.06111320918876,4.871361457670844],[-74.061128716015,4.871296857705657],[-74.0611439885192,4.8712409310322125],[-74.06114999946793,4.871221120317187],[-74.06115701343863,4.871201452425592],[-74.06116874963777,4.871179344808554],[-74.0611826775303,4.871153143255073],[-74.06119946579386,4.87112597720174],[-74.06121330085115,4.871109707222759],[-74.06122339867639,4.87109766496119],[-74.06123486901372,4.8710826812841415],[-74.06124407285921,4.871071043081956],[-74.06125552246695,4.871057405369346],[-74.0612734128614,4.871047357203769],[-74.06129058770931,4.871040179042647],[-74.06131062472923,4.8710337195150615],[-74.06133280927719,4.8710301318023],[-74.06134712104422,4.871029414087585],[-74.06136572697257,4.871027978648819],[-74.06138504844233,4.871028697296216],[-74.06141295733079,4.871031569131957],[-74.0614372876025,4.8710337232365015],[-74.06146877420673,4.871038030527345],[-74.06149668219427,4.871041620086988],[-74.06153174741769,4.871044491922427],[-74.06158398658053,4.871048800123923],[-74.0616305004969,4.871052389687489],[-74.06168345520346,4.87105885106374],[-74.06172853893435,4.871066747888241],[-74.06176932760384,4.871075362436047],[-74.0617929423339,4.8710825406192715],[-74.06181512597742,4.871091872887482],[-74.06183015418787,4.871103357432116],[-74.06184589704087,4.871115560607816],[-74.06185663109099,4.871127045151264],[-74.06186736423956,4.871145707872319],[-74.06187165749839,4.871161499683069],[-74.06187380412715,4.871177291493594],[-74.06187380412577,4.871192364672597],[-74.06187165659301,4.871206002396625],[-74.06186664688573,4.871225382843348],[-74.06186163717832,4.871243327835275],[-74.0618573430139,4.871263426009362],[-74.06185233330527,4.871287112820248],[-74.06184660714936,4.871327309168628],[-74.06184048716531,4.871425430816828],[-74.0618365507697,4.871454142623218],[-74.06183332991776,4.871481059207289],[-74.06183010906646,4.8715022339722935],[-74.06182688821451,4.871526279646784],[-74.06182402513541,4.87154314804754],[-74.0618236673612,4.87155714463525],[-74.06182495515728,4.871572865034444],[-74.06183211059333,4.871587938214405],[-74.06184356019436,4.871600859116701],[-74.0618593030592,4.871613061387973],[-74.06187504592472,4.871623829108056],[-74.06189007324703,4.871631725014298],[-74.06191011027835,4.871636750010905],[-74.06192585404652,4.871639621824731],[-74.06194517553439,4.871642492734228],[-74.06196378057722,4.871643211365018],[-74.06198023988937,4.871641058181981],[-74.06199455256943,4.871636034089252],[-74.06201244296852,4.871628856813697],[-74.06202961692206,4.871620960906461],[-74.06204321405666,4.871610912721165],[-74.06205824227831,4.871599428176648],[-74.06207040742346,4.871590815445811],[-74.06208185792454,4.871577177719343],[-74.06209187643597,4.871562103634331],[-74.06209974831503,4.87154487727149],[-74.06210332693134,4.871529085460438],[-74.0621047589138,4.871503963194025],[-74.06210762198035,4.871465920026526],[-74.06210905395645,4.8714171109486815],[-74.06210690911472,4.871365429154286],[-74.06210547891567,4.871313748263543],[-74.06210547980855,4.871280730092187],[-74.06210691178825,4.87124699419306],[-74.06210548159018,4.871198184211674],[-74.0621019047625,4.871150809685526],[-74.0620976114934,4.871114202878132],[-74.06209475021019,4.8710675460790505],[-74.06209050560444,4.871023451946627],[-74.06209056417674,4.871002096393043],[-74.06208902674655,4.87098643565411],[-74.06208974318702,4.870969208388752],[-74.06209117426994,4.8709541352093195],[-74.06209475288314,4.8709376256706705],[-74.06210477228386,4.870913938856492],[-74.06212123157033,4.870884510221284],[-74.06215128886957,4.870830676138291],[-74.06217490447905,4.870789045229757],[-74.06220281424059,4.870737365231201],[-74.06221855797678,4.870710806599386],[-74.06223501725877,4.870693580230856],[-74.06225720178622,4.87068066022356],[-74.0622815320425,4.870672047482742],[-74.06231301952965,4.870664152464467],[-74.06233876915508,4.870655797343328],[-74.06236597419502,4.870643338338189],[-74.06238386455965,4.870629700602046],[-74.06241105877103,4.870599553320909],[-74.06243826469608,4.870570304553803],[-74.06246211820489,4.870544883065026],[-74.06248239400725,4.8705305275969595],[-74.0625036061461,4.870520634873279],[-74.06251863434007,4.8705141753138275],[-74.06253580916251,4.870508432575601],[-74.06255357966974,4.870502989944058],[-74.06256502925194,4.87050059811139],[-74.06257624092133,4.870498923102228],[-74.06258530506183,4.870497727182526],[-74.06259603910253,4.8704967699008845],[-74.06260391097292,4.870496291709491],[-74.06261249838599,4.8704958135172856],[-74.06262156252758,4.870495813508101],[-74.06263110339799,4.87049653212963],[-74.0626420762545,4.870496771661967],[-74.06265161802617,4.870497489379283],[-74.06266115889765,4.870499164367633],[-74.06267141621386,4.870501557082455],[-74.06268000363114,4.870504907070155],[-74.06269097559145,4.870509452966095],[-74.0627002785538,4.870514717495082],[-74.06271442359753,4.87052154854427],[-74.06273541406759,4.870534469420676],[-74.06275354326749,4.870546433028727],[-74.06276642394933,4.870555524829254],[-74.06278216680857,4.870569402981818],[-74.06279575222555,4.8705830524402565],[-74.0628061032803,4.87059578169294],[-74.06281246027008,4.870606429179638],[-74.06281663368577,4.870619290415219],[-74.06281826304424,4.870628169803776],[-74.06281842257016,4.870640225635153],[-74.06281937604399,4.8706536247185115],[-74.06282319260563,4.870678507436395],[-74.06282557716732,4.870693341972629],[-74.06282939372434,4.870714397413645],[-74.06283082393624,4.870734974674191],[-74.06283225505257,4.870757943756731],[-74.06283130072403,4.870779955571279],[-74.06283225420529,4.870798618290085],[-74.06283606985811,4.870816802821439],[-74.0628508592838,4.870842164611825],[-74.06287409194337,4.870870829382431],[-74.06288482510989,4.870885184819107],[-74.06289126591932,4.870899541165652],[-74.0628977058258,4.870912461153431],[-74.06290128356505,4.87092897068614],[-74.06290056714528,4.87094619795238],[-74.06289985162358,4.87096127113251],[-74.06289698857107,4.870976345219627],[-74.06288983226214,4.870993571591069],[-74.06287981378489,4.871014387507342],[-74.06286979440783,4.871036638878199],[-74.06286364022533,4.871058734766124],[-74.06286001387434,4.871080423878047],[-74.0628628751792,4.87110435022949],[-74.0628695539158,4.871127319304444],[-74.06288386572182,4.8711541174532424],[-74.06290695330422,4.871184187847442],[-74.06292664160142,4.871210664185286],[-74.06293737567475,4.871224422117451],[-74.06295049429984,4.871242965497692],[-74.06296301723927,4.87126091047112],[-74.06297434700055,4.871275266809223],[-74.06298388880185,4.871287827927529],[-74.06299345403826,4.871302854990634],[-74.06300118174802,4.8713153437964385],[-74.06301251151005,4.871329101726417],[-74.06302980534223,4.871345850779888],[-74.06304590598607,4.871353028931249],[-74.06306021866546,4.871356020040828],[-74.06307572361625,4.871358412740643],[-74.06308943880592,4.871360207939635],[-74.06311985211289,4.871360207886764],[-74.0631335681986,4.871359011951477],[-74.06314847655439,4.871356620102785],[-74.06316517466486,4.871351237117112],[-74.06317888983483,4.871342264595709],[-74.063188431601,4.871333292081795],[-74.06319797336582,4.871323722064239],[-74.06320843704148,4.871311724065255],[-74.06321797880118,4.871299761321483],[-74.06322608947438,4.87128827676394],[-74.06323467687224,4.871274878566985],[-74.0632427875467,4.871264350376443],[-74.06324918056349,4.8712576512737735],[-74.06325853127538,4.871248559439315],[-74.06326759540917,4.871239467605276],[-74.06327666044675,4.871231812129833],[-74.06328811002342,4.871221763019604],[-74.06330385375685,4.871209321174539],[-74.06332579946297,4.871194966581871],[-74.06334440536875,4.871182524729908],[-74.06336301127284,4.871169604693837],[-74.06338543460205,4.871153335555864],[-74.06339545309832,4.87114759371512],[-74.06340737941284,4.871143287324826],[-74.06342216880607,4.871140894566362],[-74.06343648147389,4.871139938167362],[-74.06348466529973,4.8711399389620444],[-74.06351519755698,4.871141375249736],[-74.06355002397697,4.871143289709355],[-74.06358532712919,4.871146640524709],[-74.06360774960314,4.871151425921192],[-74.06362444682905,4.871156211331328],[-74.06364214618094,4.871162767554548],[-74.0636569346951,4.871169227967257],[-74.0636655221288,4.871173774757244],[-74.06367387075021,4.871179277914948],[-74.06368031155449,4.871184063350123],[-74.06368699027936,4.871191480150366],[-74.06369295346592,4.871200811494725],[-74.06369796229059,4.871208707386778],[-74.06370225557502,4.8712178000955895],[-74.06370821877142,4.871230720076733],[-74.06371227413992,4.871238855514956],[-74.06371632861361,4.871249382775128],[-74.0637201451813,4.871262781849375],[-74.06372186197848,4.871275462297848],[-74.06372186201732,4.871290177517051],[-74.06372078783775,4.871304174107769],[-74.06372009846709,4.871318740178875],[-74.06371966684713,4.871337431825831],[-74.06371971375657,4.871355496138011],[-74.06371971291026,4.871376312039896],[-74.06372042852016,4.871401435208089],[-74.06372006990205,4.871422251110897],[-74.06371828109769,4.8714430670174815],[-74.06371434477128,4.871467830430307],[-74.0637096920081,4.871495824522133],[-74.06370718765758,4.871515922703146],[-74.06370433904995,4.8715349135600725],[-74.06370087943644,4.8715539749258205],[-74.06369873283678,4.871566177200774],[-74.06369613203184,4.871576034659751],[-74.0636917432756,4.8715886672154],[-74.06368764019452,4.8716007104021894],[-74.06368406160028,4.871610878818601],[-74.063681079596,4.871622244048349],[-74.0636775019089,4.871634805190623],[-74.06367451991517,4.8716503574646675],[-74.06367094132968,4.871664115421799],[-74.06366855591195,4.871675479745993],[-74.06366557391017,4.871688040886649],[-74.06366318848923,4.871698210203792],[-74.06365901331773,4.871712565665887],[-74.06365245360021,4.871726921134041],[-74.06364708614475,4.8717370895547845],[-74.06364031374133,4.871749529577134],[-74.06363515895139,4.871753837762295],[-74.06362800261444,4.87175563209877],[-74.06361846172551,4.8717550337152655],[-74.06360951651955,4.871753239419164],[-74.06360057130922,4.8717496499005755],[-74.06359162609897,4.871746061285808],[-74.06358447065152,4.871743070170044],[-74.06357731430438,4.871740677461658],[-74.06356777340851,4.871737087944088],[-74.06355763502734,4.871734695242739],[-74.06354630527306,4.871731704136629],[-74.06353616689489,4.871730508249853],[-74.06352006625228,4.871729908976596],[-74.06350456129695,4.87172990901295],[-74.06348905633888,4.871728712234031],[-74.06347653342043,4.871729908173823],[-74.06345864302209,4.871731702533009],[-74.06344075262099,4.871732300076803],[-74.06341928450114,4.871733496035492],[-74.06340079841667,4.871735290394454],[-74.06337694484957,4.871736486356966],[-74.06335845786127,4.871737123673173],[-74.06333579656948,4.871739515542679],[-74.06331313618477,4.87174489854477],[-74.06329643806458,4.871749684030544],[-74.06328391516091,4.871758655647911],[-74.06327437340421,4.871774806340714],[-74.06327198798533,4.871789161796811],[-74.06327317940686,4.871814284060294],[-74.06327795033718,4.871832229042906],[-74.06328212377227,4.871846585389843],[-74.06328629809916,4.871856156284972],[-74.06329166470535,4.871868717407061],[-74.06329703221654,4.871883072847546],[-74.06330239882554,4.871896830784455],[-74.06330836202807,4.871913579853428],[-74.06331205872353,4.871922193478224],[-74.06331623305107,4.871931644149294],[-74.06331945302058,4.871941693229762],[-74.06332517740461,4.87195640843687],[-74.06332947069518,4.871968610697162],[-74.06333465887032,4.87198248795406],[-74.06333972718537,4.871995348280066],[-74.0633447964018,4.872008209509982],[-74.06334926812555,4.872018976315018],[-74.06335374074936,4.872029144712575],[-74.0633573184854,4.872036023678888],[-74.06336179110883,4.872045893776603],[-74.06336897091691,4.872061286934257],[-74.06337433752245,4.8720720546411584],[-74.06338089729778,4.872080428715621],[-74.06339461252095,4.8720905979968965],[-74.06340713546702,4.872098972058149],[-74.06342323613279,4.872106150200315],[-74.0634375488404,4.8721139267535145],[-74.0634596126814,4.872122899199849],[-74.06347452107737,4.872131274158369],[-74.06348942947234,4.872139050709109],[-74.06350612673012,4.8721474247588485],[-74.06352580602716,4.872156995616012],[-74.06353609401751,4.8721617259030605],[-74.06355296340276,4.87216972843239],[-74.0635675491732,4.872177334137732],[-74.06358364985128,4.8721881018167865],[-74.06359915484359,4.872198868592969],[-74.06361764097588,4.872211430583683],[-74.06363135710046,4.872219207134241],[-74.0636474577775,4.872228777996854],[-74.06366355845348,4.872237750451622],[-74.06368204548153,4.872247321307264],[-74.06369516411729,4.872254499450605],[-74.06371484342168,4.872264668709662],[-74.06373273385408,4.872270650928663],[-74.06374943111012,4.8722760338390305],[-74.06376791722302,4.872279623329665],[-74.06378194334235,4.872280952081244],[-74.06379053077853,4.8722809520576105],[-74.06380090707815,4.8722816697562585],[-74.06381164114711,4.872281310862719],[-74.06382309075963,4.872280594007261],[-74.0638352559147,4.872279158518279],[-74.06384598997852,4.872277005305776],[-74.06385958711972,4.872274134357578],[-74.06387175226843,4.872270545685861],[-74.06388177078537,4.872267674747491],[-74.0638917892991,4.872263727217942],[-74.06390083272268,4.872258792589982],[-74.06391216336057,4.872252212786673],[-74.0639228974116,4.872245932188653],[-74.0639336314598,4.872238754883237],[-74.06394257664464,4.872230979175547],[-74.06395122353732,4.872223800972138],[-74.06396016872088,4.872215726060476],[-74.0639691139015,4.872206753537532],[-74.06398044541557,4.872192398051982],[-74.06398852003757,4.872180465132028],[-74.06399565201852,4.872169668465871],[-74.06400191434693,4.8721574065176005],[-74.06400728178937,4.8721436485534015],[-74.06401175435326,4.872130788203081],[-74.06401415958581,4.87211709081185],[-74.06401845367391,4.872091250805591],[-74.064019885627,4.872079287171853],[-74.06401988558572,4.872065888087833],[-74.06401940881234,4.872051532638064],[-74.06401559221072,4.872030477204655],[-74.06401416195123,4.872007029941896],[-74.06401273080242,4.871987409955796],[-74.06400986856224,4.871966833606896],[-74.06400796069627,4.871951041802831],[-74.06400524174505,4.8719303217271746],[-74.06400452705154,4.871913812192035],[-74.06400595809161,4.871898021281598],[-74.06400953666308,4.871881511733216],[-74.0640295744965,4.871847058045601],[-74.06405963084856,4.8718133229571015],[-74.06407752118498,4.8717917892713665],[-74.06409111826515,4.871773127412345],[-74.06410399980516,4.871755900106154],[-74.0641140182765,4.871741544622415],[-74.06412189012008,4.8717286246002365],[-74.06413405612612,4.871714986836585],[-74.06414550569122,4.87170278452978],[-74.06416625822143,4.871688429009886],[-74.06418057087197,4.871679098506423],[-74.064198461237,4.871668331631919],[-74.0642235079613,4.87166330745558],[-74.06424712270356,4.871660437369268],[-74.0642671597334,4.871659719572735],[-74.06428862784857,4.8716582840432165],[-74.06431009596112,4.871656131689582],[-74.06433514269942,4.871655413873299],[-74.06435804190725,4.871655414695142],[-74.06438308774949,4.871656133235782],[-74.06440741895689,4.871659004960231],[-74.06443103372469,4.87166331214119],[-74.06446323595065,4.871675515194143],[-74.06449185955412,4.871686999627861],[-74.06451404325739,4.871697049534265],[-74.06453193369194,4.871705663097839],[-74.06454982322299,4.871713558933574],[-74.0645713868994,4.871720881657251],[-74.06458569957782,4.871719924329869],[-74.06460096570466,4.87171657517645],[-74.06461336964215,4.871709876037058],[-74.06462291139592,4.871701262366598],[-74.06463102115077,4.871690256879797],[-74.06464199482231,4.871663937754885],[-74.06465296759757,4.871639054988482],[-74.06466680344872,4.871614171306306],[-74.06467825387554,4.871595030356506],[-74.0646897033869,4.8715725403134],[-74.06469876836789,4.87155387755659],[-74.06470753504956,4.871533899569991],[-74.0647108153223,4.871520740015986],[-74.0647137973027,4.871507879666919],[-74.06471677839409,4.8714980104512176],[-74.06471826981573,4.871486944426726],[-74.0647185680784,4.871479467044062],[-74.06471848512639,4.871469095251042],[-74.06471719727423,4.871456031533383],[-74.0647161951058,4.871444654564262],[-74.06471404841282,4.871429580490337],[-74.06471118707451,4.871413788691947],[-74.06470474620983,4.87139656235748],[-74.06469687517699,4.871383641489159],[-74.06468483614765,4.871370650130551],[-74.06466098340532,4.871349116598367],[-74.06462758889147,4.871329974925564],[-74.06459061579338,4.871319207353959],[-74.06455602815596,4.87131202840791],[-74.06451547736506,4.871307242208927],[-74.06447611885591,4.871304848728883],[-74.06443914578374,4.871300062511755],[-74.0644069435944,4.871292884453108],[-74.0643759345489,4.871277331395912],[-74.06435327411319,4.871261779211253],[-74.06433657682855,4.8712426374637055],[-74.06431987954069,4.871222299804768],[-74.06429841219358,4.871181624443779],[-74.06428887206565,4.87113855721845],[-74.06428410197101,4.871108051109459],[-74.06427694639893,4.871067974104985],[-74.06427277289384,4.871038066401252],[-74.06427098396343,4.871017130281527],[-74.06426859931283,4.870986025756549],[-74.06426502235999,4.870945949643333],[-74.06426323344034,4.870928004656946],[-74.06426096777845,4.870905991947683],[-74.0642609677061,4.870884937405663],[-74.06426287634943,4.870863881953108],[-74.0642686023975,4.8708351701258366],[-74.06427337320929,4.870813158296051],[-74.06427814404064,4.8707968882853585],[-74.06428577794493,4.870780618264615],[-74.0642972274873,4.870767220043917],[-74.06431154008884,4.87074999363216],[-74.06432776052408,4.870738509032446],[-74.06434493531981,4.870727981700096],[-74.06436783538028,4.8707231970697045],[-74.06439741325077,4.870721283323704],[-74.06442985421869,4.870726069560045],[-74.06445370779193,4.870736597646158],[-74.06448016852244,4.8707526569229715],[-74.06449630973108,4.870762506178682],[-74.06451825458025,4.8707701633602],[-74.06453584848717,4.870775537208467],[-74.06455202662109,4.870778976632791],[-74.06456066630976,4.870779664496537],[-74.06456734500959,4.870779186286829],[-74.06457521688185,4.870778708072375],[-74.06458046449566,4.87077822986815],[-74.06458929072188,4.8707767943786005],[-74.06459859277325,4.870774880703442],[-74.06460646463977,4.870772966129897],[-74.06461600640506,4.870770574269917],[-74.06462268509524,4.870767703333716],[-74.06462841032696,4.870764353313697],[-74.06463389673723,4.8707593291999665],[-74.06463842879259,4.870755021913473],[-74.06464415940891,4.87074609278314],[-74.06464955388671,4.870738307136681],[-74.06465868194502,4.870720697468376],[-74.06466479013906,4.8707069747489795],[-74.06467032428155,4.870694532913089],[-74.06467938925134,4.870675871059996],[-74.06468654552496,4.870661993762569],[-74.06469513287426,4.870645723733236],[-74.06470324350282,4.870631368248089],[-74.06471119463524,4.870620521853842],[-74.06472073636452,4.870609994543319],[-74.0647331402489,4.870595639040007],[-74.06474745285561,4.870583197166877],[-74.06476271893801,4.870575540741385],[-74.06478466461681,4.8705669279200405],[-74.06480661030318,4.87056022873639],[-74.06482950945761,4.870556401361449],[-74.06485622515672,4.870556402149926],[-74.06488294174868,4.870554488394993],[-74.06490584091088,4.870552574655862],[-74.06492870672413,4.870549554495023],[-74.06495434906348,4.870539385973027],[-74.06496687283703,4.8705334045537665],[-74.06498774429767,4.87052503037047],[-74.06501279095039,4.8705148627528825],[-74.06503366329193,4.870502301523701],[-74.06504797498937,4.870489740324249],[-74.06506288415687,4.870473590484703],[-74.06507540698266,4.870458038159517],[-74.06508852725598,4.870434112646286],[-74.06510105094247,4.870410186231648],[-74.06510403288398,4.870391643721204],[-74.06510462937744,4.870371904407031],[-74.06510463020582,4.870356352140126],[-74.06510522670483,4.870337808736941],[-74.06510701636144,4.8703162750985936],[-74.06510701620168,4.870282180335218],[-74.06510582386686,4.8702684223923844],[-74.06510522811784,4.870254665350685],[-74.06510284260881,4.870240309005999],[-74.0650980725565,4.8702253551689525],[-74.06509270593263,4.8702133915642065],[-74.06508137611367,4.870192456394779],[-74.06506570437105,4.870170192455335],[-74.06505458904613,4.870151433969046],[-74.06504838702786,4.870140427638984],[-74.06503889384892,4.870123590918794],[-74.06503042619404,4.870100861416729],[-74.0650161143297,4.870075020583979],[-74.06500466558425,4.8700597070091085],[-74.0649846285045,4.870038651653742],[-74.06496459232716,4.870017596297782],[-74.06493575781573,4.869985151351605],[-74.06489950113422,4.86995261061938],[-74.06486324443136,4.869914328065882],[-74.06483271293735,4.869868389124086],[-74.06480981368429,4.869843504690949],[-74.06479263966186,4.869816707498198],[-74.06477164913272,4.869793737598007],[-74.06474875074586,4.869759283162552],[-74.06473730107894,4.8697363132212885],[-74.06473348535344,4.869711429609633],[-74.06472896936049,4.86967538054868],[-74.06472764539937,4.869646621740932],[-74.06472992439397,4.869621147831841],[-74.06473612718075,4.869602485085345],[-74.0647408979984,4.869587651429556],[-74.06474948533676,4.8695723386702126],[-74.0647580726867,4.869559896820429],[-74.06476570658953,4.869549369516947],[-74.06477429394691,4.8695388422093515],[-74.0648019647455,4.869511087554684],[-74.06487877429457,4.869434525413316],[-74.06488926946544,4.869425433550716],[-74.06490119662868,4.869418255320095],[-74.06491646267888,4.869409642523608],[-74.06493220636986,4.869403900634297],[-74.0649465189839,4.869399594205888],[-74.0649584452727,4.8693986368812],[-74.06496798702165,4.869397201383419],[-74.06498086766398,4.869395765870419],[-74.0649953587361,4.869396723075875],[-74.06501253353962,4.869397681172706],[-74.06504020354438,4.869396724678327],[-74.0650702589724,4.8693924181744626],[-74.0651117639207,4.869378541615036],[-74.065151838665,4.869360358695346],[-74.06520336205,4.869337868449296],[-74.0652433583262,4.869307390148711],[-74.06527348932394,4.869277812217795],[-74.06529592692621,4.869254020436369],[-74.06531131279455,4.8692392319202495],[-74.06532862178581,4.869223156185191],[-74.06534208364097,4.869212224785004],[-74.06535746953011,4.869201936979204],[-74.065376701695,4.869194864463772],[-74.0653914459785,4.8691922926822695],[-74.06541003653166,4.869191649886031],[-74.06543183350291,4.869191007072625],[-74.06544593615871,4.869191650603644],[-74.06546388598898,4.869194865820166],[-74.06547670718258,4.869200010068652],[-74.06548888763344,4.869205154320277],[-74.06550170885451,4.869215442884119],[-74.06551773470554,4.869228304040536],[-74.06553183833509,4.869242450607868],[-74.06554530033478,4.869259169788198],[-74.06555491516673,4.86927460178009],[-74.06556196701332,4.869287462983655],[-74.0655690188567,4.869299679678764],[-74.065576752902,4.869312656582639],[-74.06558055686853,4.869324114890512],[-74.06558312081809,4.86933826151912],[-74.06557991536968,4.869351121874062],[-74.06557586728358,4.869358614644834],[-74.06556388878914,4.869371055619474],[-74.0655485029096,4.869383272435369],[-74.06553247629664,4.869397418259789],[-74.0655119618795,4.869430855065945],[-74.06549272898722,4.869472008790335],[-74.06548439497499,4.869501587520221],[-74.0654799063664,4.869539524951948],[-74.06547413548721,4.869599969562803],[-74.06547798193446,4.8696353352446],[-74.06548374983575,4.869694493489605],[-74.06549464804282,4.869725358422655],[-74.06550810919413,4.869750436325647],[-74.06552798227683,4.869773586092685],[-74.06554849604603,4.869785803619739],[-74.06557413935138,4.869794806712071],[-74.06560816098786,4.869803986025792],[-74.06563952592947,4.869813455516776],[-74.06567029699109,4.86982310127766],[-74.06570106803211,4.869828889026317],[-74.06573972534068,4.869831987511085],[-74.06576261004305,4.869827604182045],[-74.06577799593977,4.869817315462873],[-74.0658042454895,4.8697811252184335],[-74.06582799967221,4.869748513681095],[-74.06585574512714,4.869702201119153],[-74.06588079248068,4.869665115979179],[-74.06591180289571,4.869613674446845],[-74.06593547774011,4.86957718772036],[-74.06595050661126,4.869542016275611],[-74.06597412270627,4.869477415243064],[-74.06598771956307,4.869437936537532],[-74.0660044425106,4.8693782837062685],[-74.0660213547788,4.86933098681305],[-74.06602593356328,4.869307789907284],[-74.06603122155887,4.869281002552151],[-74.06603625452631,4.869255504215285],[-74.06603948508685,4.869224175483952],[-74.06603829270958,4.869206230497758],[-74.06603292604463,4.869188883944457],[-74.06602782795744,4.8691755454542385],[-74.06601959822595,4.869158078694359],[-74.06601184612752,4.869141330562867],[-74.06600198251155,4.869117852619478],[-74.0659951495756,4.869093177842651],[-74.06599246661224,4.869070747520838],[-74.06599145802295,4.869043560662805],[-74.06598895438611,4.869019515001178],[-74.0659875231535,4.868994391838002],[-74.06598730234296,4.86899102737901],[-74.06658235040896,4.8693760436189155],[-74.06717651922901,4.869481147450814],[-74.06752602664292,4.869866499174733],[-74.06881921303376,4.870672241952321],[-74.07084637572683,4.872108557852899],[-74.07105607748493,4.8727391273300364],[-74.07161529768298,4.873124478528508],[-74.07175509735237,4.873790079105449],[-74.07206965813873,4.874140396777617],[-74.07392208820404,4.87403531506774],[-74.07441140575587,4.874770978454021],[-74.0824631701722,4.874424607548158],[-74.08224424640689,4.8755720277708985],[-74.08224995942619,4.875793670629574],[-74.08233875632459,4.876225810242833],[-74.08227484804274,4.8768532151513915],[-74.08312129975764,4.87843650242438],[-74.08317396523306,4.878677907483927],[-74.08313367888073,4.879335639719066],[-74.08309592621171,4.879490982738977],[-74.082718384301,4.880346189932113],[-74.08274252847472,4.8809058021168585],[-74.08251396402397,4.881318985866622],[-74.08217898855894,4.881508876456543],[-74.08195003260309,4.881897217081169],[-74.08193545119815,4.88314633656134],[-74.08169251248168,4.884339343553559],[-74.08168740187857,4.88449790805185],[-74.08180463658574,4.885308648702559],[-74.08202042308591,4.888597895645424],[-74.08198874023621,4.889390410884725],[-74.08234384624606,4.891575920240001],[-74.08239507402932,4.89338644982673],[-74.08193234753092,4.894181168224374],[-74.08162690016145,4.894798574225424],[-74.08150069582938,4.895472962734373],[-74.0810728176193,4.895842383856717],[-74.0806349173442,4.8959193276904465],[-74.08039164957685,4.896107952869557],[-74.0803551049223,4.896136288718569],[-74.08029171251617,4.895986122846683],[-74.07967510677138,4.895196465501588],[-74.07905850390743,4.89485313694525],[-74.07864743514939,4.894784471540208],[-74.07785955485804,4.894715806815781],[-74.06548260736066,4.8874209675138784],[-74.06702413852874,4.884674349893495]]]]},"properties":{"area_1":"483.819556464","area":"483.819556519","shape_area":"4838195.56464","objectid":"5","nombre":"Vereda T quiza","shape_leng":"12611.8373264","id":"0","perimetro":"12611.8373264","shape_le_1":"12611.8373455","cod_vereda":"0003"}},{"type":"Feature","geometry":{"type":"MultiPolygon","coordinates":[[[[-74.00396221800112,4.91602854588546],[-74.00212555825331,4.914389389287068],[-74.00035608451925,4.912866389785686],[-74.00116787802698,4.9105338073474725],[-74.00064621015686,4.91000339889181],[-74.0004131198795,4.909816323911166],[-74.0003281267303,4.909383819173599],[-74.00005122130524,4.909244982247407],[-73.99957883114678,4.909212268187111],[-73.99911461142304,4.908950935281893],[-73.99880514103133,4.908697784684764],[-73.99796625046234,4.90855071740773],[-73.9975671790727,4.908379204874871],[-73.9972251590518,4.907897432038083],[-73.99677734281218,4.9066971298003805],[-73.99641901815377,4.906354158133525],[-73.99599645826224,4.9062972724572935],[-73.99564383958833,4.906304913787384],[-73.99542154204195,4.9062587791374535],[-73.99527104084522,4.9061542988201365],[-73.99490119368552,4.906158543755092],[-73.99441149713498,4.906123378276726],[-73.99327232662105,4.905528556438821],[-73.99253162733197,4.904994857745425],[-73.99219389790125,4.9046791152763545],[-73.9918956700647,4.904317396205885],[-73.99122076236497,4.90397897419433],[-73.9901162156405,4.903383060542899],[-73.9890851189058,4.902982194717853],[-73.98812784486691,4.902754258653775],[-73.98702359161437,4.902754613082814],[-73.986436858606,4.902907979548197],[-73.98547268728935,4.902968235765767],[-73.98449639596093,4.902841732165266],[-73.98366156571294,4.9027220485634055],[-73.98295393277748,4.902738791204835],[-73.9817866579441,4.901685211236213],[-73.98180008266996,4.901571477674849],[-73.98189498242887,4.901370708346497],[-73.98227451035709,4.901064303632066],[-73.98292824797616,4.899775157136052],[-73.98356378063929,4.897011086865872],[-73.98590594673031,4.885774715069733],[-73.98600188398547,4.885164445123013],[-73.98602320267533,4.883347615152611],[-73.98596009668468,4.882523693233514],[-73.98627637108044,4.881171674087227],[-73.98717015257353,4.878448658058302],[-73.98734980192889,4.877009389340414],[-73.98774146096389,4.876142596056073],[-73.98821468061968,4.875341234867472],[-73.98914977790899,4.8725979121554195],[-73.98950047174198,4.870799909690461],[-73.99022477086494,4.864775553124103],[-73.99019742170039,4.864079171552177],[-73.99067209492908,4.862276758133424],[-73.99162127076984,4.859973717798751],[-73.99219859716338,4.857868690454607],[-73.99248897192389,4.8565933319106325],[-73.99290852760066,4.854982779775494],[-73.9930807261967,4.854972010666595],[-73.99326378707595,4.854162786447775],[-73.99348073158093,4.853690249274106],[-73.99366888094899,4.853118556986094],[-73.9940282353304,4.852026653428959],[-73.99429196102625,4.8513416100914775],[-73.99448555071902,4.850683402089855],[-73.99459667526787,4.849967165589639],[-73.99466242431598,4.849461672429269],[-73.99469946485048,4.849404899724302],[-73.99772425101746,4.84727421965309],[-73.99909842091137,4.846220750168946],[-73.99967154794362,4.845620355438988],[-74.00052656397862,4.844676374250346],[-74.0005884130378,4.8432937780703496],[-74.0006308397809,4.84088536562253],[-74.00069159275718,4.8401402152715365],[-74.00107711804212,4.838955492302884],[-74.00200668583194,4.837379155935555],[-74.00250212888683,4.83665433074492],[-74.00311492698583,4.836226394317014],[-74.00331056032928,4.835932236903754],[-74.00352796086665,4.835266242276406],[-74.00396844134544,4.834019979231636],[-74.00418687787912,4.832948793624318],[-74.00417303084723,4.831886324731956],[-74.00445905650153,4.830872303510382],[-74.00475190387964,4.829835423882728],[-74.0049620296759,4.828652177596041],[-74.00509951244993,4.827571125418448],[-74.00536962130197,4.826955082477633],[-74.00651731975981,4.824337479352336],[-74.01052028579869,4.8252150350791245],[-74.01077795726846,4.825990130343832],[-74.00768333483182,4.842094043467107],[-74.0086283970668,4.842438615211527],[-74.00888587322531,4.845194443900181],[-74.00785475601879,4.846141646061551],[-74.00828408572102,4.848725254570576],[-74.00983054766687,4.849500480664652],[-74.01120509045737,4.851136873908259],[-74.01249325016902,4.857682028419393],[-74.01378182319935,4.860093477775216],[-74.01515646052431,4.861040913217858],[-74.01799182450662,4.861127288256485],[-74.01833552192342,4.860955080407247],[-74.01945251573552,4.860610702232655],[-74.02134266300997,4.86181652573097],[-74.02409208492466,4.86224734296384],[-74.0299897907548,4.862838921080309],[-74.02994199022956,4.862902514526509],[-74.02987042294077,4.863004435653656],[-74.02979742333589,4.8631321967002865],[-74.0297401671231,4.863244168487111],[-74.02967850537767,4.863348914874535],[-74.0295947499163,4.863481412021849],[-74.02952209811379,4.863589252048915],[-74.0294710735439,4.863661903675534],[-74.02940471377674,4.863749956771397],[-74.02935310199598,4.863814660026159],[-74.02928643259095,4.863894454709739],[-74.02921832616946,4.863966399511949],[-74.02912612687874,4.86405379235233],[-74.02906458094735,4.864108340251549],[-74.02900017390321,4.864160016191507],[-74.02892860919813,4.864221741766161],[-74.02886133852729,4.864284902094746],[-74.02877689289464,4.864353804294413],[-74.02869817271694,4.864416964042555],[-74.02861086421703,4.864481558811282],[-74.02853643862319,4.864534669664946],[-74.02842766149033,4.864613618796624],[-74.02834178526925,4.8646710354230445],[-74.02827594747156,4.8647140984920165],[-74.02816001541507,4.864782998134571],[-74.02803835864377,4.864841847477399],[-74.02791813397002,4.864897826864694],[-74.0277843767449,4.864962072968363],[-74.02763188439606,4.8650356214290795],[-74.02753312651588,4.865094472749405],[-74.02744868249887,4.865144712059528],[-74.02738570569907,4.865190646096164],[-74.02734276633734,4.865242323879256],[-74.02731843220073,4.865286824438309],[-74.02730841187334,4.865324149362649],[-74.02731842208995,4.865431818023233],[-74.02733988224772,4.865530875447077],[-74.02736707019798,4.865596914089115],[-74.02740857328872,4.865629935293128],[-74.0274586637826,4.86564429511862],[-74.02751448154751,4.865635685245406],[-74.02759033761649,4.865598366390888],[-74.02767335009706,4.86555817607838],[-74.02775636404834,4.865506501213625],[-74.02782077131516,4.865454825396224],[-74.02788947424688,4.865390228888921],[-74.02792955099584,4.865347164558968],[-74.02797535365706,4.865289744159725],[-74.02802115666971,4.865225146483393],[-74.02807411439728,4.865173470064351],[-74.02814854064083,4.865127536537429],[-74.02820292673708,4.865111749260956],[-74.02826446810204,4.865116060512616],[-74.02831742169663,4.865128984058726],[-74.02837752874288,4.865180669755905],[-74.02842761605189,4.865240967677922],[-74.02846768438222,4.865312749640512],[-74.02850059581058,4.86539745124223],[-74.02853923173893,4.865496509481642],[-74.02857357102602,4.86562858567717],[-74.02861363370913,4.865779323969514],[-74.02865369739708,4.86590996498851],[-74.02870091709846,4.866046349080873],[-74.02874813947795,4.866146843185327],[-74.02878692586509,4.8662298700624955],[-74.02882259364645,4.866323679869311],[-74.02887214897983,4.866410681889442],[-74.02895136050734,4.866514332295181],[-74.02902794526128,4.866614942617082],[-74.02906770156349,4.866675636814147],[-74.02922334059132,4.86685432777296],[-74.02932191894847,4.866951456253221],[-74.02960586849254,4.8672434358326795],[-74.02972283414674,4.867333201651709],[-74.02983374817468,4.867389436458549],[-74.0299482414406,4.867432511877167],[-74.030063928732,4.8674576423412],[-74.03020466222235,4.8674911498626905],[-74.03032511944023,4.867517477321621],[-74.03043961388325,4.8675557672052525],[-74.03053621609398,4.867616785774561],[-74.03057914945327,4.86765387457403],[-74.03061492552402,4.867712496666195],[-74.03065070126937,4.867778296933832],[-74.03066977871447,4.867850076882707],[-74.03067651362848,4.867959235931972],[-74.03064462505486,4.868080291731839],[-74.03057792086393,4.868165898855778],[-74.0304801155322,4.868259205173956],[-74.03036322787527,4.868346527412344],[-74.03025946147717,4.868394373436409],[-74.03016762387082,4.8684266677419945],[-74.03008413494082,4.868456569704372],[-74.02999826079393,4.8684816860916245],[-74.02988972528586,4.868510390025935],[-74.02976210922435,4.868515165773416],[-74.02964165055123,4.8684972132054805],[-74.02954385216754,4.868479260803038],[-74.02940073437415,4.868437379843805],[-74.0292993603004,4.868396697694438],[-74.0292003723098,4.868342856106286],[-74.0291216606577,4.86827705367159],[-74.02903221571484,4.868196893444646],[-74.02888791399644,4.868041361913364],[-74.02871022315117,4.867800889198933],[-74.02857838285061,4.867596624167607],[-74.02848721993374,4.867434799247015],[-74.02841516073646,4.867301260411618],[-74.02832909280565,4.867092583674329],[-74.0282553229533,4.866910262778066],[-74.02818639193353,4.866720988114885],[-74.02812828927382,4.866573424432833],[-74.0280577940053,4.866453567652195],[-74.02798399224629,4.866353291818261],[-74.02790766631065,4.86628868436743],[-74.02780152047103,4.866256376744038],[-74.0277001431385,4.866270724336732],[-74.02762500122486,4.866316179591385],[-74.02755940022294,4.8663771866867425],[-74.02751884539825,4.866427429145825],[-74.02750095180578,4.866475280035818],[-74.02748305705477,4.866545861368564],[-74.02747708939377,4.8665996951343535],[-74.02745561476439,4.866695399451939],[-74.02743175300633,4.866806655008028],[-74.02741147111577,4.86689278848145],[-74.02737926309379,4.866976528616198],[-74.02736136674366,4.867060269484256],[-74.02735897772538,4.867112907520938],[-74.02735300980495,4.867171525832228],[-74.02735340464304,4.867239779552966],[-74.02735701948967,4.867288771408969],[-74.02737207485413,4.867408398527042],[-74.02738518595838,4.867518460969179],[-74.02739233709565,4.867584259034484],[-74.02739948762427,4.867662019824348],[-74.02742000405412,4.8678017227948605],[-74.02744065859245,4.867990204111121],[-74.02746743163802,4.86817165671188],[-74.02749580055685,4.86837354383026],[-74.02751153373268,4.868544910618559],[-74.02751748293977,4.868730340383327],[-74.0275305902729,4.868897825522521],[-74.02755085235444,4.869078471469325],[-74.02756753492812,4.869277061318175],[-74.02758660609678,4.869431387219342],[-74.02763668973937,4.869551023343155],[-74.02771259722311,4.869681795493137],[-74.02785015539388,4.869874044915678],[-74.02791694032511,4.869931472805915],[-74.02797776385835,4.86997215221344],[-74.0280719835038,4.869996085121857],[-74.0281518922493,4.870003269123467],[-74.02828070123627,4.870009260556416],[-74.02848345587101,4.870003293825013],[-74.0287255699972,4.869993740339865],[-74.02881621360123,4.869984176617042],[-74.0289175917271,4.869982987496508],[-74.02901896866068,4.869987779722725],[-74.0291728235433,4.869991380388051],[-74.02937199823172,4.870012928203267],[-74.02958787073231,4.870040459028617],[-74.02980135548918,4.870097897385232],[-74.02990511540195,4.870136186846752],[-74.03000887527011,4.870175672203156],[-74.03012694746128,4.8702223373012155],[-74.03026052133049,4.870300107637774],[-74.03036427996149,4.870367108832122],[-74.03052170467396,4.870484358852479],[-74.0306302319599,4.870581267942731],[-74.03071252118808,4.870659033993291],[-74.03079361737305,4.870734408156858],[-74.0308771003599,4.870800211518355],[-74.03097728002035,4.870877978362118],[-74.0310846151346,4.870955746423038],[-74.03113708915022,4.871022744240231],[-74.03117524740217,4.871118452297987],[-74.03118835998548,4.871230907384162],[-74.03117284712008,4.871345752078937],[-74.03113109475689,4.871471363288798],[-74.03104998132773,4.871632859956775],[-74.03094859411755,4.871768037507223],[-74.03087583533224,4.8718553636615525],[-74.03082931670382,4.871917568759701],[-74.0307432414503,4.872015000316817],[-74.03067679551887,4.872100678861317],[-74.03054384545456,4.872262845583103],[-74.03040496708591,4.872429617566662],[-74.03033173413772,4.872497555058295],[-74.03024845650982,4.8725847875417685],[-74.03015912749706,4.8726501127768485],[-74.03006099223822,4.87273030646837],[-74.02997023783954,4.872788557386876],[-74.02985842955935,4.872871277810426],[-74.02974997137802,4.872926617171747],[-74.02959946838982,4.8729955623862375],[-74.02942821416796,4.873072613988926],[-74.02928036965451,4.873140995202113],[-74.02916716713099,4.873185660531343],[-74.029017659675,4.873258043341176],[-74.02893762249218,4.873307809371638],[-74.02880060286554,4.873397010522273],[-74.02872402855199,4.873454427633478],[-74.02861453498525,4.873522609917337],[-74.02855298989846,4.873559930487413],[-74.02848285742446,4.873595815170158],[-74.02842131361618,4.8736252398248325],[-74.02836508615557,4.873650123352003],[-74.02828320443793,4.873675783881947],[-74.02820233101083,4.873704180674445],[-74.02813577785197,4.8737257100521125],[-74.0280543578791,4.873744334319599],[-74.0279676073871,4.8737623047603105],[-74.02786465072782,4.873780992999867],[-74.02774075502344,4.873778979062457],[-74.02761910623477,4.873754383024277],[-74.02752455791591,4.873715365108355],[-74.0274570424317,4.873680530185672],[-74.02735381941444,4.873603335764446],[-74.02722223620175,4.87350338953851],[-74.02713037144467,4.873399040451412],[-74.02703448739122,4.8732949541891575],[-74.02691355986312,4.873162153001189],[-74.0267850070187,4.873054224165936],[-74.02662846260928,4.872975698054096],[-74.02654217521534,4.87294535282048],[-74.02644689442154,4.872923194072717],[-74.0263367979575,4.872920214295503],[-74.02622476818412,4.872939180217708],[-74.02611843287903,4.872977956237801],[-74.02597388714173,4.873049601923706],[-74.02585660964199,4.873120440920755],[-74.02570796258158,4.873224743820159],[-74.02556161216276,4.873337382931426],[-74.0254193448262,4.873486480784477],[-74.02530483746474,4.873607060858929],[-74.02523899598856,4.873681705415551],[-74.02520002130775,4.873730715737604],[-74.02512591875558,4.873818795069432],[-74.02506150793995,4.87390061786195],[-74.02497992043281,4.873998230605848],[-74.02488903028836,4.874105175087954],[-74.02477233763666,4.874236698930973],[-74.02465224958944,4.874345664779418],[-74.02457127582474,4.874408057350117],[-74.02450114190212,4.874464757509928],[-74.02441240068906,4.874527916168281],[-74.02433224750504,4.87459681711241],[-74.02428501264743,4.874657108069344],[-74.0242416297743,4.874728270002979],[-74.02414041521372,4.874950521096806],[-74.024115381827,4.875048051034225],[-74.02411298981579,4.875132989478012],[-74.02413206650043,4.875209555043433],[-74.02416784153648,4.875283729725494],[-74.02424297467313,4.87535312206764],[-74.02435389011764,4.875415339131704],[-74.02448150521899,4.875435686678688],[-74.02461508612153,4.875441679085974],[-74.02478921981302,4.875415373275983],[-74.02496693499428,4.875353179452572],[-74.02510767643345,4.875282607662987],[-74.02527585171933,4.87520007461859],[-74.02545357008925,4.875093615701911],[-74.02562293891383,4.874985960375861],[-74.02577322620937,4.874871125804519],[-74.02589369486005,4.874771840958562],[-74.02597241569364,4.874723994286458],[-74.0260248963107,4.8746964830120865],[-74.02608095324982,4.8746785419212495],[-74.02614058787215,4.8746785469072975],[-74.0261990276557,4.874692907271902],[-74.02623719152423,4.874724013823573],[-74.02627416120768,4.874774262111415],[-74.02631590015433,4.874838867001189],[-74.02634928898952,4.874914237353793],[-74.02636221656255,4.875000666309553],[-74.0263528503858,4.8751391455752495],[-74.02634329967718,4.875256383179898],[-74.02634209636308,4.875397549381738],[-74.02633168769829,4.875566396403461],[-74.02631702958774,4.87567269969578],[-74.02626766021373,4.875829573791844],[-74.02620828073611,4.87596206722687],[-74.02611921407247,4.876128801167294],[-74.02604054035419,4.876253849624077],[-74.02596929019448,4.876353590903412],[-74.02592772854972,4.876393784108891],[-74.02587577702282,4.87643397585029],[-74.02580304727181,4.876462257081547],[-74.02572735043758,4.876480115734662],[-74.0256442331369,4.8764815982295575],[-74.02556060361864,4.876472622118603],[-74.0254394110496,4.876453296574752],[-74.02529989652243,4.8764130890322965],[-74.02520194045378,4.876375863115162],[-74.02509804781094,4.876329703234684],[-74.02499415477563,4.876290988175236],[-74.02489174528206,4.87624929470436],[-74.02475668355139,4.876210576985444],[-74.02463349450088,4.876182280501022],[-74.02453108306963,4.876176317854131],[-74.02442866991326,4.876185242153798],[-74.02435594144474,4.876206078391424],[-74.02429977673067,4.876246696433949],[-74.02424964458142,4.876303956316667],[-74.02418820847834,4.876398114327587],[-74.02412437590523,4.876527630653387],[-74.02403678901713,4.87674795890313],[-74.02394178055758,4.876971263389148],[-74.02388240027224,4.8771082238735515],[-74.02383341102694,4.8772243428334265],[-74.02379778420497,4.87728537834917],[-74.0237339564719,4.877358322552373],[-74.02367606698614,4.877410424075737],[-74.0236110702048,4.877454606688163],[-74.02355532021393,4.877505434673665],[-74.02353728162431,4.877557288973105],[-74.02353143969489,4.877611450820086],[-74.02353143540817,4.877655174320059],[-74.02355878836302,4.877721562926765],[-74.02360924774852,4.8777766509091975],[-74.02373688502678,4.877858542342251],[-74.0238912395573,4.877934481022545],[-74.02401145868069,4.8779925523028345],[-74.02410941433278,4.878040199898746],[-74.02419846436811,4.878087846980155],[-74.02433055599123,4.878160805831734],[-74.0244151531594,4.878209941421733],[-74.02449381267392,4.87826949817584],[-74.0245605984311,4.878337985171442],[-74.02463183455659,4.878434760255424],[-74.02468822813898,4.878528556031835],[-74.024720126729,4.878597770554119],[-74.02474758594077,4.878668502541557],[-74.02477874732307,4.878771228727572],[-74.02480240219005,4.878849243533536],[-74.02481790070583,4.878936575684576],[-74.02482624274296,4.879025103350137],[-74.02483696497112,4.879177036999837],[-74.02482240178705,4.879370530529913],[-74.02480810427362,4.879583597050446],[-74.02480986127303,4.8797701673121345],[-74.02482020800427,4.879933108195314],[-74.02482973749662,4.880093414956065],[-74.02483479694328,4.88022267751459],[-74.02483307680845,4.880300057253181],[-74.02483892505046,4.880392071267499],[-74.02484163354855,4.880483415289775],[-74.02484959184557,4.880569199477124],[-74.02487023703564,4.880757374362985],[-74.02489538739675,4.880944527141584],[-74.02490980812134,4.881097849435111],[-74.0249307827532,4.881310316772782],[-74.02496893612656,4.8814730187312865],[-74.02501220746703,4.881651779432499],[-74.02503903398775,4.881792144447104],[-74.0250700438799,4.881899872997714],[-74.02509865979974,4.882014721737182],[-74.02513490901944,4.882127657256315],[-74.02518642420895,4.8822482499665565],[-74.02521885984416,4.88232290258135],[-74.02525320364511,4.882391812578846],[-74.02530281421441,4.88247029521045],[-74.02532664820203,4.882555794609557],[-74.02531974261628,4.8826825806160725],[-74.025319402804,4.8826836617077145],[-74.0252849681974,4.8827930065296625],[-74.02525147977418,4.882903624146192],[-74.02519733793515,4.883007194431448],[-74.02511919380413,4.883120147178605],[-74.02504942770112,4.883208163431849],[-74.0249852643084,4.883280768742609],[-74.02488601521345,4.883369893390225],[-74.02482647067269,4.883422235356383],[-74.02470852992687,4.883522768451669],[-74.02459259340016,4.883607458311548],[-74.02449955852501,4.883654825819001],[-74.02440294723444,4.88369357858191],[-74.02428629850698,4.883733047933708],[-74.02414245484995,4.883775385737734],[-74.02402795352917,4.883801217449088],[-74.02393277533703,4.883819872062025],[-74.02381898931445,4.883850010139809],[-74.02369160692528,4.883877994242481],[-74.02350268021604,4.883908126171334],[-74.02334810533637,4.883927494119094],[-74.02318422702584,4.883936093781787],[-74.02302106500386,4.883947565257674],[-74.0228693528694,4.883957601906734],[-74.0227423435432,4.883969679249531],[-74.02264430262429,4.883980438515507],[-74.0225186960129,4.884000281631244],[-74.02239383269169,4.884023484705525],[-74.02223782344657,4.884066540013215],[-74.02211330258817,4.884104572161637],[-74.02197947840412,4.884145475544478],[-74.02186039605931,4.8841874093667705],[-74.02169460374178,4.884237462252446],[-74.02155224162263,4.884291151243109],[-74.02139451073228,4.884353017203578],[-74.02126168885133,4.884419611330022],[-74.0211784970999,4.884473659072979],[-74.0210941117222,4.884534591125958],[-74.02100748547471,4.884603057356122],[-74.02092732992921,4.884670522406888],[-74.02085862570307,4.884727939972324],[-74.02078478528112,4.884803592360283],[-74.02069585550697,4.884901191431087],[-74.02056833838364,4.8850636348272065],[-74.02049505250706,4.885177246291319],[-74.02046176850526,4.8852316369050826],[-74.02037806106523,4.88534478127899],[-74.02028843826497,4.885454837421833],[-74.02020591061637,4.885536116218715],[-74.02014150058179,4.885592098521336],[-74.02006277675113,4.885646643566432],[-74.01996770245314,4.885698783103739],[-74.01989327437656,4.885743279317039],[-74.0198260016531,4.885791365509563],[-74.01976588558819,4.885836581237683],[-74.01970147395838,4.885902612577121],[-74.0196306211148,4.885972949865103],[-74.01957336630998,4.88603323982816],[-74.01948247265936,4.886142096252983],[-74.01942438118455,4.8862217900855125],[-74.01936871937643,4.886301113452289],[-74.01933760846853,4.8863487327447075],[-74.01928223141302,4.886442445008798],[-74.0192454477556,4.88651270577758],[-74.019192204358,4.886612375121508],[-74.01909378526007,4.886809766324271],[-74.01904302068296,4.886929258271969],[-74.01900376102377,4.887061328346596],[-74.01899210692291,4.887140999799754],[-74.01898084035271,4.887305374795782],[-74.01897877923257,4.887476043597536],[-74.01897690370814,4.887605079734267],[-74.0189639737542,4.887708752467565],[-74.01895376425628,4.887802884308318],[-74.01889813505385,4.88791910548081],[-74.01878936801616,4.888003184616346],[-74.01868208017753,4.8880398088888395],[-74.01857796978672,4.888037624576756],[-74.01848437656949,4.888020717587138],[-74.01835073912129,4.888001556272555],[-74.01821087711815,4.887939193517707],[-74.01798869944803,4.887822351323601],[-74.01785521814689,4.887759012659968],[-74.01777383475971,4.887711839816127],[-74.0176492674259,4.887647617647356],[-74.01753992126977,4.887601336018357],[-74.0174194952987,4.887560469128956],[-74.01733584716018,4.887527926319288],[-74.01721023924921,4.887500803425903],[-74.01715444691288,4.887504529350212],[-74.01708929449036,4.887537196932558],[-74.01702563470754,4.887579756402604],[-74.01696524193487,4.887647363305148],[-74.0169424067992,4.88771911004802],[-74.01692007733891,4.887775833373503],[-74.01692158421099,4.887842619129448],[-74.01691810167021,4.887914098700498],[-74.01692270104431,4.887974150325408],[-74.01694297588699,4.888064004935706],[-74.01699717824332,4.888213443088293],[-74.0170372430556,4.8883263783675375],[-74.01707539911634,4.8884393144203315],[-74.01712118742999,4.888567563691216],[-74.01716125432854,4.888663272615395],[-74.01720742770897,4.888788230667196],[-74.01725855274138,4.888961882378919],[-74.01734249727227,4.889203066767844],[-74.0174092697096,4.889423833660523],[-74.01744869395716,4.889590525159166],[-74.01751192413272,4.889806229751766],[-74.01753782564137,4.889919470493319],[-74.01756315638549,4.890064733199254],[-74.0176206146272,4.890399896417937],[-74.01764233881818,4.8905852512419035],[-74.01766942437067,4.890866249383893],[-74.01767676408802,4.891178437501994],[-74.01765720000071,4.8912961108534665],[-74.01762867494159,4.8914028875431494],[-74.0175598313127,4.891591817770579],[-74.01749647124721,4.891771529090194],[-74.01742775510984,4.89192566312259],[-74.01738341370002,4.892031692999363],[-74.01734199683587,4.892135996545989],[-74.01729921227773,4.892248397474458],[-74.01725816677322,4.892365009058587],[-74.01719914743155,4.892535377531697],[-74.01716733741068,4.892654225164229],[-74.01713726887972,4.892794909339458],[-74.01712294589068,4.892902577330197],[-74.0171143468963,4.893031778408285],[-74.0171014525474,4.893176770993416],[-74.01709610177517,4.893315868599764],[-74.01709164851978,4.893442830899284],[-74.0170800131322,4.893561149263093],[-74.01705480366356,4.893894885058706],[-74.01704367063718,4.894128945467938],[-74.017040051842,4.8942431613918815],[-74.01704576812284,4.894340063915313],[-74.0170514857923,4.894416150557248],[-74.01706364304083,4.894513770334569],[-74.01707436691679,4.894631489073833],[-74.01709321432277,4.894736647236157],[-74.01710632713669,4.894816801188538],[-74.01712063075463,4.894919685641614],[-74.01712181609156,4.894997446975161],[-74.0170991486598,4.895064438099729],[-74.0170573983708,4.895124250677768],[-74.01700372114674,4.895173294744928],[-74.016913493362,4.895232427008575],[-74.016837767769,4.895268021695494],[-74.01676993741411,4.895295297966515],[-74.01671200192277,4.895317017489261],[-74.01665092166905,4.89533130642516],[-74.01658506182909,4.895338348161998],[-74.01651263748236,4.895345653396785],[-74.0164589336663,4.89534723164169],[-74.01639064889733,4.895337134533209],[-74.0162797267941,4.89532276792449],[-74.01620220080287,4.895314386744424],[-74.01610081993033,4.895313181188862],[-74.0160006309645,4.8953179570563945],[-74.01591117569438,4.895333501354455],[-74.01582073976982,4.895364001224373],[-74.01573345376467,4.895405263583155],[-74.01561178966844,4.895474638730408],[-74.01552948750285,4.895527269329149],[-74.01546507569942,4.895576312526709],[-74.0154137853347,4.895616982550033],[-74.0153231321684,4.895686360702276],[-74.01525991363393,4.895734207148981],[-74.01519151888277,4.895789214223469],[-74.01512512564635,4.895845451690085],[-74.01507264185774,4.895888514326474],[-74.01502612234252,4.895931577376662],[-74.01495455320037,4.895990190011627],[-74.01487105661701,4.896058372693536],[-74.01480903024748,4.89610741599397],[-74.01474223188148,4.896169617574517],[-74.01466827772185,4.896233015456474],[-74.0145800747369,4.896303535351739],[-74.01450718703911,4.896349217014111],[-74.01443329621586,4.896395693158523],[-74.01435099460728,4.896437555902124],[-74.01427585060574,4.8964650646132615],[-74.01421144172781,4.896483003188275],[-74.01414226301986,4.896496155969846],[-74.01407427662556,4.8965093088294855],[-74.01401225369781,4.896521266199585],[-74.01392995499648,4.896534418019479],[-74.01387151025587,4.896541590186562],[-74.01380590998455,4.896546369110664],[-74.01373673211896,4.896547559137734],[-74.01368186737105,4.896549946099484],[-74.01363535072547,4.896551138653563],[-74.01356617268743,4.896554720482317],[-74.01350176498747,4.896555910829821],[-74.0133807944549,4.896562000028173],[-74.0133097363019,4.896567855097477],[-74.01324055817418,4.896572633706117],[-74.0131606446919,4.896577411525284],[-74.01306522693663,4.896577402756366],[-74.01297696587054,4.896576197683839],[-74.0128982453425,4.896584564191827],[-74.01283502928636,4.896607288167731],[-74.01279447197588,4.896651548310993],[-74.01276584110896,4.896712557486813],[-74.01275033048917,4.89676997899281],[-74.01273600848461,4.896865683253361],[-74.01273838670954,4.896941051045909],[-74.01274195681496,4.897022401185916],[-74.01274910620002,4.897096573419181],[-74.0127657975287,4.89716117636457],[-74.01278188887102,4.897222701357361],[-74.01279919603816,4.897283233011396],[-74.01282064414785,4.8973585732768905],[-74.01284653247936,4.89742303859244],[-74.01290620638095,4.89751751259655],[-74.01295778517418,4.897591868868473],[-74.01300787385874,4.897646904262304],[-74.01307227447674,4.897719885669598],[-74.0131237344561,4.897780244444176],[-74.01318097950632,4.897839108523371],[-74.01324382241164,4.897905651956079],[-74.01331192775022,4.897969758749235],[-74.01336487924782,4.898030776584226],[-74.01341282069676,4.898093946327385],[-74.01347006492026,4.898165012637096],[-74.01350369565178,4.898205930005796],[-74.01353875838072,4.898247565202934],[-74.01359886558836,4.898309301263485],[-74.01362462398744,4.898352371236897],[-74.01363463890425,4.898395439168842],[-74.01364179132798,4.898441378704094],[-74.01363963956426,4.898486598937078],[-74.01362675099799,4.898564118801158],[-74.01361744330416,4.8986122103272125],[-74.01359811450546,4.898678245196565],[-74.01357377695415,4.89874069016643],[-74.01353942084405,4.898798110324728],[-74.0134943318639,4.898845479724511],[-74.01345353693316,4.898884236713927],[-74.01341274215297,4.898920840521151],[-74.01336693846372,4.89895600760514],[-74.01329608738655,4.898986147875358],[-74.01323597304618,4.898997627125978],[-74.01317729026523,4.899003363759317],[-74.01309940008315,4.898991050061443],[-74.01302772598835,4.8989617174700895],[-74.01297477215135,4.898932282288748],[-74.01294686500385,4.898905003925488],[-74.01291824437742,4.898849013735657],[-74.01289391951588,4.89878584569023],[-74.0128602909392,4.898715498792077],[-74.01282952524552,4.898649459365468],[-74.01280663011856,4.898593469590925],[-74.01277013864262,4.898531736100147],[-74.01273794203175,4.898462825657823],[-74.01269787449452,4.898376686485833],[-74.01267068700683,4.898306340955665],[-74.0126341961897,4.898235993834823],[-74.01260343075026,4.89816708258723],[-74.01258196632787,4.898117553352869],[-74.01253545926568,4.898023518703585],[-74.01248895216374,4.89793020087354],[-74.0124295649438,4.897822526652287],[-74.01237017663274,4.897729926490985],[-74.01233153937574,4.897656708287846],[-74.01229576478221,4.897578465304992],[-74.01225927377826,4.897511707699674],[-74.0122120476792,4.8974535620133075],[-74.01216696654986,4.897419103267334],[-74.01209826686372,4.897399715921231],[-74.01202885176681,4.897390378494366],[-74.0119708841018,4.8974040109728305],[-74.0119272278484,4.89742984677134],[-74.01188357089784,4.897465013915994],[-74.0118363345452,4.8975087944122775],[-74.01180510382405,4.897553700602991],[-74.01174901650757,4.897622196798646],[-74.01170177938519,4.89767602636052],[-74.01166527677941,4.897729138998969],[-74.01162805827457,4.897786558844655],[-74.01157223026959,4.8978698172508235],[-74.0115171174997,4.897957382065122],[-74.01146874572002,4.898034910962738],[-74.01136790698529,4.898213697705486],[-74.01128320915987,4.898356051541337],[-74.01121640709123,4.8984481613462565],[-74.0111393516283,4.898542209311898],[-74.0110825610399,4.898612905579038],[-74.01099334074596,4.898719702643065],[-74.01087524934482,4.89884291119164],[-74.01075954354228,4.898952961280366],[-74.0106247528019,4.899082149860638],[-74.01056153061472,4.899157510810221],[-74.01042077365423,4.899310625215223],[-74.01025854351668,4.899505609226143],[-74.01014522064987,4.899646762978557],[-74.01008438161665,4.899740069035138],[-74.01002115810684,4.899830983081684],[-74.00994123428049,4.8999410357990225],[-74.00985773045419,4.900066640474215],[-74.00980047011319,4.900159947685592],[-74.00971338669173,4.900307085664187],[-74.00963584765447,4.90042551351053],[-74.0095320615359,4.900609735101217],[-74.00940799873915,4.900792759172187],[-74.0092743900242,4.901022438301455],[-74.0091830056711,4.901227596907706],[-74.00913862154403,4.901371150443284],[-74.00909996369062,4.901504655353662],[-74.00908706743655,4.9016496477288305],[-74.00910708810183,4.901823354473953],[-74.00914142322263,4.901971222389183],[-74.00919150699742,4.902077460700612],[-74.0092830993763,4.902175089561788],[-74.00938041773685,4.902255491618643],[-74.00950493610263,4.902289958592629],[-74.00963231857256,4.902301455810279],[-74.00980120984883,4.902289988996738],[-74.00993574832091,4.902310100335746],[-74.01007600930717,4.902357488407779],[-74.01018191838594,4.902413486508859],[-74.01024488817674,4.902472352179804],[-74.01028792257894,4.9025572714010766],[-74.01030641420219,4.902660419336941],[-74.01027692068048,4.90274088015602],[-74.01021752921466,4.902828230280685],[-74.01011173916407,4.902875736660052],[-74.00999150611916,4.902933147247788],[-74.0098626867868,4.902970458997297],[-74.00971526298967,4.902989106573913],[-74.00955352864709,4.902983348490788],[-74.00937823223144,4.902970703106044],[-74.00917996610085,4.902970390090427],[-74.00889050386061,4.902989348964089],[-74.00867487114755,4.903021539109618],[-74.00844427865697,4.90307933473033],[-74.00827538181733,4.903123903389843],[-74.0081036239003,4.90316408225535],[-74.00792614146201,4.903202824257156],[-74.00773863900608,4.903243000851844],[-74.00759693991736,4.903270262044475],[-74.0074681238521,4.9032759906578],[-74.00737079771622,4.903270238195955],[-74.0072906466844,4.903260180766234],[-74.0072133599163,4.903237203582782],[-74.00715897479131,4.903208486456836],[-74.00710315784991,4.903176897399577],[-74.00698723224359,4.903103670749097],[-74.00676495518292,4.902909539091105],[-74.00668096526898,4.902840927816228],[-74.00662228756592,4.902802161218787],[-74.00656074457865,4.902777749810342],[-74.0064677137138,4.9027619485004355],[-74.00636609247138,4.902766243705945],[-74.00624586234386,4.902784893681095],[-74.00609127968245,4.902829379818533],[-74.00592953704006,4.9029025770864845],[-74.00576493145596,4.902982952241712],[-74.0056361103258,4.903038925866932],[-74.00553591778291,4.903071933736075],[-74.0054375487598,4.903111616418539],[-74.0053541363404,4.90315374188784],[-74.00528542914384,4.903208286886149],[-74.00520097447706,4.903287234140394],[-74.00514514854501,4.903341780217173],[-74.00506752736477,4.903437453589364],[-74.00501774529435,4.903521213620053],[-74.0049590518588,4.903626004799763],[-74.00489320087509,4.903740843531532],[-74.0048391940294,4.903842979331393],[-74.00478999078278,4.903933905808939],[-74.0046996193909,4.904076245623007],[-74.00464465534301,4.90416824366514],[-74.00454842174912,4.9043061934342385],[-74.00445924569817,4.9044226725699005],[-74.00440556558871,4.904486071928953],[-74.00433637853709,4.9045638244730645],[-74.00426241769864,4.9046619142855254],[-74.00419680531975,4.904776753867093],[-74.00416220580172,4.904864081173279],[-74.00413357328387,4.904931071305901],[-74.00410255439841,4.904996865321349],[-74.00407499918778,4.905049373563188],[-74.00397968099753,4.905197832499355],[-74.00391048920326,4.905318653092968],[-74.00385919011872,4.905422727082524],[-74.00380908590708,4.905507659393504],[-74.0037605710489,4.9055973284706775],[-74.0037327334466,4.905663172460432],[-74.00369336175608,4.905761266121059],[-74.00367069116572,4.905845005806476],[-74.00364563070985,4.9059574561411115],[-74.00363165490376,4.906086333791809],[-74.00362175070536,4.906185950440732],[-74.00361220140684,4.906256531748143],[-74.00359767736857,4.906367737373593],[-74.00357559719579,4.9065017224634015],[-74.00356127335367,4.906601015114235],[-74.00354038993606,4.9066943258374724],[-74.00352010380642,4.9067798600389665],[-74.00349743425124,4.906851038602025],[-74.0034586617963,4.9069281962037685],[-74.00341392406939,4.90701552257533],[-74.0033942375177,4.907077130507044],[-74.00338349447614,4.907153095554988],[-74.00337662387949,4.90723093299638],[-74.00336778095216,4.907292965824205],[-74.00336844301289,4.907358979521547],[-74.0033877574392,4.907430951801414],[-74.00340969820397,4.907480720898252],[-74.00345358462846,4.907544848249306],[-74.00351655392409,4.9076080209015585],[-74.00358620386147,4.907663537782579],[-74.0036663517578,4.907704700143908],[-74.00380088822546,4.907747781772465],[-74.0039917213525,4.907801398227717],[-74.00418350950022,4.907837787473706],[-74.00434953647263,4.907866517190402],[-74.00447548791651,4.907887586165268],[-74.00457758330303,4.90791248033822],[-74.0046701373026,4.907937373677359],[-74.0047359751193,4.9079507801917295],[-74.00482280569403,4.907961316686728],[-74.00490105050525,4.907957497008256],[-74.00498215796863,4.907949849390147],[-74.00506994595514,4.907924975997275],[-74.00514723869766,4.907893401716641],[-74.00518922704255,4.907864694428524],[-74.00524648296752,4.907817804830459],[-74.00534477475486,4.907729766958625],[-74.00541921062597,4.907643639784527],[-74.00548601342457,4.907563254670478],[-74.00554804311678,4.907495310940151],[-74.00560816357697,4.907432151583197],[-74.0056482439373,4.907392916849798],[-74.00569023148859,4.907362295893674],[-74.00572935526905,4.907348901028204],[-74.00576943239565,4.907337420779959],[-74.00581428026484,4.907330726374666],[-74.0058667616026,4.90732403260732],[-74.00590779015788,4.907337436018515],[-74.00595549586151,4.907373809035541],[-74.00598507278171,4.907404437816362],[-74.00601178560075,4.907445593610611],[-74.00603658851483,4.907510676466007],[-74.00606233451653,4.907668592862707],[-74.00606518066174,4.907819807358346],[-74.00605137877845,4.907953932428356],[-74.00603708159431,4.908105085827834],[-74.00602289801044,4.908233971643172],[-74.0059881475449,4.9084029634343676],[-74.00596240018979,4.908531539131364],[-74.00595350326982,4.908638478691982],[-74.00596300209725,4.9087600608677],[-74.00597974979034,4.908857561856127],[-74.00600478493082,4.908970018277437],[-74.00603459004063,4.909096831429598],[-74.00612625611896,4.90944126000934],[-74.00618825669123,4.909649425682945],[-74.0062335679853,4.909772651488193],[-74.00627888485784,4.909839649678258],[-74.00632658960873,4.9098898999137495],[-74.0064064944911,4.909976043656386],[-74.00657227326056,4.910093299905062],[-74.00672254754964,4.9102057693862005],[-74.00688355714851,4.910311062457147],[-74.00724136502313,4.910463031987024],[-74.00745128010759,4.910540814884473],[-74.00754669760698,4.9105683403273535],[-74.00762303160742,4.910581507871468],[-74.00768863290031,4.91058151411124],[-74.00776854717898,4.910576737870247],[-74.00785800436877,4.910564783322903],[-74.00796225861407,4.910535484307325],[-74.00805004239467,4.910509773480708],[-74.0081540248214,4.910475822751554],[-74.0082313456209,4.910455957724185],[-74.00832318999404,4.910423666524412],[-74.00840549226058,4.910399749525853],[-74.00849972134371,4.910378225290319],[-74.0085927563235,4.910367467743466],[-74.00869175485394,4.910367478360881],[-74.00876928276068,4.910372271793778],[-74.00883488265997,4.910378260177788],[-74.00889451967174,4.910387836712695],[-74.00896488979568,4.910405788169737],[-74.00903287405764,4.910427328965391],[-74.00912351747044,4.910481172844367],[-74.009174800688,4.9105278345301375],[-74.00922011875181,4.9105840657253],[-74.00924754776143,4.9106331173388975],[-74.00927974492052,4.910697721569332],[-74.00929762995081,4.910756343316065],[-74.00931193593296,4.910829319304764],[-74.00931073709975,4.9108891354548305],[-74.00929164711191,4.910945360658451],[-74.00926659435984,4.910992013598487],[-74.0092308077288,4.911039863406709],[-74.00918667146938,4.911082926204793],[-74.00911032945758,4.911147519141765],[-74.00899581720945,4.911222874935787],[-74.00886222214407,4.911297033283057],[-74.00873459326743,4.911348461671405],[-74.00860338715711,4.911379552063808],[-74.00846144781946,4.91140346340404],[-74.00832308854459,4.911411823664411],[-74.00815729556844,4.911418983968552],[-74.00802847821242,4.911421363583693],[-74.00784837563582,4.911402203616638],[-74.00776488497151,4.911386642794564],[-74.00769928466316,4.911373477042466],[-74.00762349224932,4.911371052845112],[-74.00751280774098,4.911386277881406],[-74.00741779150694,4.91142129950222],[-74.0073381897779,4.911471361175401],[-74.00729492846118,4.911514599281582],[-74.00725556127213,4.911581588655918],[-74.0072233477667,4.9116641317591005],[-74.00720783436537,4.911745479417557],[-74.0071958941618,4.911862717293871],[-74.00719230749993,4.911947654560807],[-74.0071970689477,4.9120337902293745],[-74.00721137158179,4.912134282108058],[-74.00723373862593,4.912222656464609],[-74.00727456948434,4.91229938058215],[-74.00732585154121,4.912360397835049],[-74.00739502301393,4.912435772878351],[-74.00756437936234,4.912578152301177],[-74.00775877853391,4.912755227731255],[-74.00790308893141,4.912882051889425],[-74.00810345104303,4.913068697686057],[-74.00825639641089,4.913195283825481],[-74.00836941562679,4.913256547315304],[-74.00849464882904,4.913313983590602],[-74.0086341978945,4.913342709227942],[-74.00877732661773,4.913349902432285],[-74.00896339829252,4.913328387258977],[-74.00914589286374,4.913296105857799],[-74.0093999539119,4.91324588689269],[-74.00953235133028,4.913220777795354],[-74.00973989238184,4.913199264995087],[-74.00986871016948,4.913195689144221],[-74.00999394543662,4.913228002010964],[-74.01009412938878,4.913299791463995],[-74.01012990365611,4.913389518153077],[-74.01014425675747,4.913461059574951],[-74.01013995409777,4.913544322710199],[-74.01012563286956,4.913631891424118],[-74.01007409208745,4.913765395335655],[-74.01001110309102,4.913883106567394],[-74.00987940734964,4.914039571454184],[-74.00972910678902,4.914177371265104],[-74.00953586610062,4.91431803857277],[-74.00933547315613,4.914422815335113],[-74.00915225801191,4.914503188899034],[-74.00895902774985,4.914543365336061],[-74.00884595383964,4.914554838153523],[-74.00872429343471,4.91454764757886],[-74.00858975334113,4.914528971429425],[-74.00848670132237,4.914505991420717],[-74.0083865137144,4.914468656199285],[-74.0082577023621,4.9144112196154],[-74.00800635804808,4.914282052018099],[-74.0077421395805,4.914107794892287],[-74.00762510642535,4.914020676557693],[-74.00748715532723,4.913901203678246],[-74.00739611851134,4.913826849211231],[-74.0072401156678,4.913739262093671],[-74.00711989298448,4.913676084186492],[-74.00694814358891,4.913611464751305],[-74.00680644943084,4.913562640444243],[-74.00668908531637,4.91353535171539],[-74.00656599473032,4.913529596082851],[-74.00646038707363,4.913538527245976],[-74.00637849139743,4.913555416823319],[-74.00627126524071,4.913584370934655],[-74.00612086503547,4.91362320958591],[-74.0060244227576,4.913667683353526],[-74.00595106281362,4.913716126425387],[-74.0059003654586,4.913765767302444],[-74.00584012251548,4.913853690016707],[-74.00576973313969,4.91400860536748],[-74.00572689774224,4.914160653032246],[-74.00570691489604,4.914305643775275],[-74.00571047780342,4.914452791488944],[-74.00574504630883,4.914653297610903],[-74.00580036024043,4.914933719849831],[-74.00587895667368,4.9152075407793685],[-74.00593427850055,4.915416184067026],[-74.00598912086377,4.915646839986342],[-74.00603060864283,4.915833469425639],[-74.0060663727952,4.916007178408392],[-74.00609783755355,4.916229696017827],[-74.00614503625965,4.9165613201527005],[-74.0062051163761,4.916884331741909],[-74.0062623373471,4.91718006678216],[-74.0063281463755,4.917475803436052],[-74.00639110041477,4.917694018198162],[-74.0064569099045,4.917985447575795],[-74.00396221800112,4.91602854588546]]]]},"properties":{"area_1":"2410.98409601","area":"2410.98409601","shape_area":"24109840.9601","objectid":"7","nombre":"Vereda Yerbabuena","shape_leng":"32270.2452483","id":"0","perimetro":"32270.2452483","shape_le_1":"32270.2452483","cod_vereda":"0005"}},{"type":"Feature","geometry":{"type":"MultiPolygon","coordinates":[[[[-74.03778858786359,4.864008195061257],[-74.03689495324075,4.862930117683775],[-74.03693624156581,4.862905843033609],[-74.03706076137128,4.862816844009029],[-74.03717955560059,4.862737894743553],[-74.03726543130405,4.862667556078503],[-74.03734987786343,4.862568506442223],[-74.03743182596914,4.862429759322373],[-74.0374987373819,4.862305803703344],[-74.03754822501561,4.862193389842993],[-74.03758013892104,4.862127775877985],[-74.03768911054402,4.86188662517013],[-74.03778224349261,4.861657785523603],[-74.03786341742745,4.861489766063771],[-74.03795248439657,4.861305230101401],[-74.03806555968734,4.861115739583247],[-74.0382129855871,4.860883183890177],[-74.03836899787548,4.86067359845633],[-74.0384806382905,4.860535788717136],[-74.03858798492467,4.8604137706240405],[-74.0386953296354,4.860320463423304],[-74.03881412228701,4.86024294931588],[-74.03895724588835,4.860159693292492],[-74.03903739486026,4.860120937827112],[-74.039154755266,4.860076440886034],[-74.03929358378977,4.8600204610046545],[-74.0395741027528,4.85991280851981],[-74.03979450956085,4.859839606677554],[-74.03999631132781,4.859775015984686],[-74.04020956314741,4.859688893772885],[-74.04041995306174,4.859594156863012],[-74.04061746286374,4.859486498575499],[-74.04074054937215,4.859404676991375],[-74.0408407368382,4.8593300328482965],[-74.04093520096916,4.859225240337325],[-74.04100819627118,4.8591261889674895],[-74.04106023972145,4.859013559776784],[-74.04107976557712,4.858949616637359],[-74.04108549543581,4.858854867732249],[-74.04106260155567,4.858754376120715],[-74.04101394514105,4.858678287351816],[-74.04093237076097,4.858630909370875],[-74.0408207401227,4.858596448632633],[-74.04070910796594,4.858582086960567],[-74.0404643751912,4.858577767424266],[-74.04029933778003,4.858593208660234],[-74.04013520102494,4.858596411454171],[-74.03996059627265,4.858599273082155],[-74.03978792563163,4.85859604579506],[-74.03971013944519,4.8585892094569445],[-74.03966004807006,4.8585820287204715],[-74.03960709609103,4.858556186064091],[-74.03955843753285,4.858523164462149],[-74.0395326791631,4.85847435361059],[-74.03950360126872,4.858386598241761],[-74.03949705818019,4.858322568405788],[-74.03950120728155,4.858210204400509],[-74.03953555891742,4.858158525538886],[-74.03959280792255,4.85812120379433],[-74.0396729564288,4.85808819007065],[-74.03974880995736,4.858082451653124],[-74.03982323100988,4.858092504995388],[-74.0399234128845,4.85810399552982],[-74.04004935606775,4.858129842341936],[-74.04023540811652,4.858160000144603],[-74.04031984718092,4.858180102844834],[-74.04041859706201,4.858221740531283],[-74.04050589816781,4.858244714209983],[-74.0406046489272,4.858259075508279],[-74.04067763917759,4.858261950531078],[-74.0407849775593,4.85826482752792],[-74.04094383953452,4.8582662715619716],[-74.04108123425723,4.858253359439022],[-74.04120002383871,4.858226089452268],[-74.04135173185904,4.858183030442429],[-74.04150487074659,4.858145713262596],[-74.0416379713989,4.858131364536781],[-74.04175532974983,4.858108401678505],[-74.04186410186571,4.858081131274645],[-74.04206303997958,4.8580136689611555],[-74.04217038134368,4.85797491391968],[-74.04230205332792,4.857907448656846],[-74.04237218402884,4.8578514643240345],[-74.04243515983819,4.857781124320521],[-74.04252172270293,4.8576534038412875],[-74.04259403386267,4.857545697057138],[-74.04264413156918,4.857423675754458],[-74.04266273985728,4.8573590753754425],[-74.04267419301759,4.8572887320664595],[-74.04268828343426,4.857202992037776],[-74.04271570842626,4.857086316880893],[-74.04273996927785,4.856974087204935],[-74.04275436172863,4.856850883426489],[-74.04276724931032,4.856724552879132],[-74.04277573731294,4.856600642955066],[-74.04276976764078,4.856452746595485],[-74.04276011532754,4.856289571751589],[-74.04273007073495,4.856085717258236],[-74.04270404444364,4.855755440661861],[-74.04269224701471,4.8555732522967885],[-74.04267126401763,4.855422037143091],[-74.04263215350842,4.855258378747529],[-74.04259304337229,4.8550822785305225],[-74.04256729302197,4.854875553235349],[-74.04254726533775,4.854691798100427],[-74.04252723782687,4.854533882968906],[-74.04250208370011,4.854372222668554],[-74.04248240848135,4.854248678023606],[-74.04243757018338,4.854151055818953],[-74.04237555614654,4.854068745843251],[-74.04229811972259,4.854012745466979],[-74.0422190858905,4.8539759040259876],[-74.04214561946087,4.853970157342751],[-74.0420721521593,4.853963454283859],[-74.04199105131522,4.853979720085974],[-74.04191471946064,4.854025654207428],[-74.04184124924397,4.854086902038877],[-74.04174964924391,4.854182602961713],[-74.04163610340252,4.8542993577632],[-74.04149202529501,4.8544103679915445],[-74.04135462849898,4.854487882022853],[-74.04121532507111,4.8545271141440445],[-74.04108460936739,4.8545491192293015],[-74.04096629751162,4.854564425581574],[-74.04080982264558,4.854564417086479],[-74.04065716505748,4.85453761139926],[-74.04052931568322,4.854482095549358],[-74.04040910089458,4.854401696281655],[-74.04025911151635,4.8542680522127],[-74.04017917110436,4.854177732559736],[-74.04005037270437,4.854044694765823],[-74.03993625939542,4.85389454676128],[-74.03977560601606,4.853700139445175],[-74.03956898055681,4.853455839453734],[-74.03944024921121,4.853319421715373],[-74.03924194526175,4.853104353484717],[-74.03913161716729,4.852981355282228],[-74.03905487451502,4.85288719476445],[-74.03903335056246,4.852850232865234],[-74.03900186722174,4.85280524997467],[-74.03896838474947,4.852744104581854],[-74.03894081173804,4.852667430617157],[-74.03892841203248,4.852605221099431],[-74.0389374257621,4.852543320554277],[-74.03895704111399,4.8524980329643315],[-74.03900951984726,4.852459753826978],[-74.03908585036868,4.852427218218733],[-74.03916313573082,4.8524061671815595],[-74.03925568557109,4.852394687556645],[-74.03931770300457,4.8523860778079495],[-74.03939021606116,4.852384167497491],[-74.03947704039419,4.852385129470207],[-74.03960107505249,4.8524014062976],[-74.03971938360081,4.852421511096395],[-74.03980143646422,4.852444485597966],[-74.03989207533724,4.85247607310266],[-74.03997603532628,4.852519144925605],[-74.04005427129033,4.852557432002435],[-74.04014788180875,4.852602068835436],[-74.04027035445601,4.852657612608578],[-74.04039431977998,4.852731179146925],[-74.04048685680918,4.852783726270582],[-74.040544822907,4.8528236017714645],[-74.0406616513869,4.85291594194769],[-74.04074694907618,4.85297926466665],[-74.04089958817455,4.853097257006902],[-74.04099213394751,4.853161384426393],[-74.04110471738946,4.853216899719077],[-74.04121062177025,4.853260930240555],[-74.04129362923554,4.853280075503767],[-74.04137568289386,4.853281994358581],[-74.04145201307827,4.853259985759367],[-74.04152643711295,4.853214051631279],[-74.04157223823407,4.853142274818474],[-74.04159050196333,4.853057502143245],[-74.04158107237795,4.852930678285264],[-74.04157927575417,4.852740313154293],[-74.04155356212885,4.85255416417717],[-74.04153886337231,4.852460136880325],[-74.04150399773255,4.8522981137611225],[-74.04146295497287,4.85215489058013],[-74.04141375124809,4.8519239163437735],[-74.04139065568326,4.851793783646097],[-74.04134303305456,4.85154935883458],[-74.04131758079299,4.851425305052631],[-74.04128480973071,4.8512872481227545],[-74.04125332826214,4.851207810786486],[-74.04121516803055,4.851136986880858],[-74.04117319042872,4.851068076495002],[-74.04107683102134,4.850951310789256],[-74.04085262852476,4.850686194716186],[-74.04069672107029,4.850494296182554],[-74.04052260724727,4.850283735209259],[-74.04038188434969,4.8501258134479714],[-74.04023162162474,4.849946356805218],[-74.04011236512085,4.849796810673484],[-74.04001934796223,4.849640088094047],[-74.03995733713482,4.849536004702933],[-74.03991440696804,4.849447474203433],[-74.03988817364383,4.849354160599326],[-74.03987625261165,4.849258453830141],[-74.03987268155724,4.849140018683596],[-74.03987745961426,4.848997656536029],[-74.03988939112176,4.848909129630199],[-74.03989655021677,4.848844528937684],[-74.03990865061179,4.848772207860433],[-74.0399383011035,4.8486985802580795],[-74.0399561955997,4.848608857632591],[-74.03994665887987,4.848517936394815],[-74.03992161993058,4.848415051919012],[-74.03987153810897,4.848247564793766],[-74.03979521622034,4.848113572276556],[-74.03976063390027,4.848042987944839],[-74.03970935353568,4.847987954434466],[-74.03963183500684,4.847935311878269],[-74.03952808036328,4.847850367979953],[-74.03946845324661,4.847776192355195],[-74.03943625516175,4.847713982179607],[-74.03939809546503,4.84763861225488],[-74.03936709277552,4.847535726653584],[-74.03932774064108,4.847440018953655],[-74.0392263741708,4.847301240076987],[-74.0391083100756,4.847193565173823],[-74.03894731152667,4.847053586518773],[-74.03876365421756,4.846918392503712],[-74.03850128892152,4.846658775694907],[-74.03815663864442,4.846290289957737],[-74.03795151935299,4.846065369944545],[-74.03788592863839,4.845993586693796],[-74.03779052242275,4.845919409645082],[-74.03770704001204,4.845878729387381],[-74.0376104393349,4.845842835006527],[-74.03733613992272,4.845735149633567],[-74.03689487475712,4.845578405717243],[-74.03661222732033,4.845469523829951],[-74.03623178563912,4.845342690398354],[-74.03585015120262,4.845209876244117],[-74.0355138363585,4.845089027284506],[-74.03531825040093,4.845010057798806],[-74.03523834673055,4.844969378281381],[-74.03514174753911,4.844902378090516],[-74.03506184658846,4.844816237633243],[-74.03497191202831,4.844689471922933],[-74.03481857180186,4.844464505110293],[-74.03465519587702,4.844231212575515],[-74.0345633714188,4.84411277111117],[-74.03446560061322,4.843986334952674],[-74.03434752180858,4.8438519595560665],[-74.0342640443848,4.843744286116852],[-74.03419607047029,4.84365695013171],[-74.03410901606127,4.8435361169764946],[-74.03404104297175,4.843429640058596],[-74.03396591410842,4.843317181470775],[-74.03392536976901,4.843245399772737],[-74.0339033733323,4.84318563129179],[-74.03389198622259,4.8430803056074],[-74.03390391854846,4.8429881892518365],[-74.03393077971283,4.8429086888924235],[-74.0339805405186,4.842816673533033],[-74.03402508581908,4.8427377081280065],[-74.03409307383399,4.842609705874869],[-74.03413601479409,4.8425151998691955],[-74.03415390757104,4.842460170579355],[-74.03416345436013,4.842371643662829],[-74.03418254220385,4.842268761675072],[-74.03418612810219,4.842152718596612],[-74.03418494034183,4.842065387150524],[-74.03418971989633,4.841936185473743],[-74.03421358072059,4.841798609579359],[-74.03425771692159,4.841650269498074],[-74.03431377720648,4.841543800375661],[-74.03437580022879,4.841440921034608],[-74.03444140212754,4.841327275009893],[-74.03452250994638,4.84117175822639],[-74.03462747388863,4.840969587367033],[-74.03469307598682,4.840848763132444],[-74.03480519170365,4.840705212102503],[-74.03491134419576,4.8405688380946],[-74.0349912555719,4.840469548950838],[-74.03514630711835,4.840305662738906],[-74.03529777966801,4.840153739988768],[-74.03537888231669,4.8400759844912145],[-74.03546713983718,4.8400269410940036],[-74.03556732270334,4.8399886649732435],[-74.03565915597324,4.8399623512490075],[-74.0357676852671,4.839946805885272],[-74.03586071081754,4.839942026730666],[-74.03594300158866,4.839945620342927],[-74.03607061038932,4.839965965677291],[-74.03621372288448,4.840000667944226],[-74.03636757003417,4.840030585130654],[-74.03655480892446,4.840067682622526],[-74.03669434391321,4.840102383749919],[-74.03684580585981,4.8401299089149195],[-74.0371022181803,4.840155046984173],[-74.03728468983469,4.8401490759012855],[-74.03742780316317,4.840163440176715],[-74.03754229371137,4.840193354766605],[-74.03763531637239,4.8402196790230505],[-74.03777485115134,4.84026275492761],[-74.0378833775177,4.84030463288649],[-74.03796685860864,4.840338134038096],[-74.03805868904641,4.840365655010124],[-74.0381600607134,4.840396764944763],[-74.03829840265084,4.840433859331857],[-74.03843142712815,4.84046529755656],[-74.03858054214251,4.840507323250093],[-74.03875517023891,4.84055590967406],[-74.03894360119344,4.840632485201187],[-74.03907717068192,4.840698290194003],[-74.03916507687356,4.8407480396601255],[-74.03929302921712,4.840823916115393],[-74.03944210074287,4.840931592936635],[-74.03960310050063,4.8410213260154045],[-74.03977125596275,4.841094311099027],[-74.03988078075032,4.8411456864629345],[-74.04001363259432,4.841199720147217],[-74.0401581158218,4.841246250577974],[-74.04031985214883,4.841302500686693],[-74.04048562418546,4.841347969598245],[-74.04060983526601,4.841364844650437],[-74.04078157327388,4.84137059638355],[-74.04095521925221,4.84136869176461],[-74.04115748972113,4.841353389789136],[-74.04132064271793,4.841321815651604],[-74.04145803456898,4.841290240695702],[-74.04157348239944,4.841263448699884],[-74.04170705814812,4.841222302666882],[-74.04181487337246,4.8411907258497155],[-74.0419465416425,4.841140008800909],[-74.04213259504891,4.841059625120692],[-74.04230433730704,4.840978284606024],[-74.04246081440665,4.840885459056685],[-74.04260775117494,4.840786889566587],[-74.0426945779724,4.840712243809748],[-74.04277281787697,4.840631855070611],[-74.04284342624014,4.84054093882709],[-74.04288922663153,4.840459590982326],[-74.04291689910626,4.840393555361012],[-74.04294075513718,4.840330391447279],[-74.04294552873942,4.840257655181677],[-74.04293694543304,4.840188746725142],[-74.04291214235839,4.840120795084745],[-74.04286892377073,4.840073657940975],[-74.04277447057606,4.840023407082346],[-74.04260846102078,4.839970282355478],[-74.04244817446852,4.839924335032753],[-74.04223779914577,4.839859723480556],[-74.04200595832496,4.839772140319493],[-74.04178556564209,4.839687429235852],[-74.0415666051073,4.839596976299504],[-74.04147358270738,4.839559646214412],[-74.0413533686675,4.839507958922402],[-74.04126750255357,4.83946201538643],[-74.04116732557092,4.839408893216711],[-74.0410399572312,4.83933280108928],[-74.04086822594503,4.839213638454509],[-74.04077377458808,4.839141853668309],[-74.04069220327902,4.839071505633076],[-74.04061778685684,4.839008335997342],[-74.04054766449617,4.83894229557694],[-74.04050759484659,4.838892047925202],[-74.04046752628498,4.8388360584469075],[-74.0404203026885,4.838749920546249],[-74.04036449340367,4.838650862360323],[-74.0403187022531,4.838548933577347],[-74.04028435933829,4.838472846077947],[-74.04025001661387,4.838391015848503],[-74.04021972401956,4.83832558501896],[-74.04018562329459,4.83822879097783],[-74.04018849055237,4.838149834658798],[-74.04020853073112,4.838076620714986],[-74.04026578050289,4.837989053401268],[-74.04034879067116,4.837920149640859],[-74.04047330417718,4.837842635353979],[-74.04057921156073,4.837799573211398],[-74.04067366855028,4.837770867061536],[-74.04075381285294,4.837765128652308],[-74.04080390136129,4.837786665674004],[-74.04085112735142,4.83782399352378],[-74.04090407679261,4.837881419741061],[-74.04094987052333,4.837930232092008],[-74.04099423297919,4.8379876571320635],[-74.04105290638084,4.83804939078667],[-74.04114735713472,4.838136966456451],[-74.04123894587828,4.838224542025495],[-74.04135200170994,4.838312118234831],[-74.04149367903726,4.838422665298648],[-74.04160673506307,4.838505935097046],[-74.04169975565817,4.838569106085318],[-74.0418714870555,4.838683962143221],[-74.04198025024179,4.8387629244796635],[-74.04208901242673,4.838846194070633],[-74.0421834649498,4.83891223594628],[-74.04227338461939,4.838982105861197],[-74.04239645708194,4.83909624083473],[-74.04250164167944,4.839184534351931],[-74.0426068262635,4.839274264212652],[-74.04270843352859,4.839356814867251],[-74.04279501420861,4.839439365985819],[-74.04291808716181,4.839542016311512],[-74.04300466677024,4.839632462411126],[-74.04310555844826,4.839721473441703],[-74.04319428599072,4.8397954100243865],[-74.04328015198267,4.839852120140307],[-74.04337889817553,4.8399052419584185],[-74.04349338907572,4.839930370087016],[-74.04359571479392,4.839944731042733],[-74.04369088700489,4.839933251773981],[-74.04374938918663,4.839909235673947],[-74.04379775032247,4.839867863657619],[-74.04383686950834,4.839818411978943],[-74.04386694799912,4.839749620269678],[-74.04386836223075,4.839669112737788],[-74.04384188943578,4.839594461085498],[-74.0437960970131,4.839518373458638],[-74.04373384488096,4.839453051306582],[-74.04367731774094,4.839387729303129],[-74.04358716104687,4.839277902727199],[-74.04347267538766,4.839163050475959],[-74.04334674088977,4.839041737434716],[-74.0431657069652,4.838914679212567],[-74.04286660649724,4.838736651705521],[-74.04263333760801,4.838587338682818],[-74.0425388859258,4.838523450957362],[-74.04239434649524,4.838408596757021],[-74.04221903813709,4.83827292480556],[-74.04205160006599,4.8381501739522115],[-74.04195357186163,4.8380554201181765],[-74.04185125114198,4.8379434388615445],[-74.0417625273397,4.837817103433418],[-74.04167158124964,4.83766383323832],[-74.04159152191342,4.837510597707264],[-74.04151854093259,4.837362728165163],[-74.04147275119931,4.837240701262536],[-74.04144055536923,4.837143797961792],[-74.04137329907368,4.8370074140328105],[-74.04133394610159,4.836949988264513],[-74.04129745417703,4.8368954343972135],[-74.0412187485269,4.836771970112349],[-74.04115006009069,4.836645635213175],[-74.0410943411752,4.836540347132352],[-74.04104591051819,4.836441435661669],[-74.04100266961159,4.83634056551046],[-74.04097977437252,4.8362795524926],[-74.04094185456118,4.836184084444996],[-74.04089821164409,4.8360583188722135],[-74.04086601657946,4.835941077803203],[-74.0408397869939,4.8357975178111055],[-74.04081713502309,4.835651566104613],[-74.04080640824016,4.835522362962799],[-74.04078937891276,4.8353631587701145],[-74.0407894282814,4.835253189991432],[-74.04078560171276,4.8350893923879035],[-74.04079480815058,4.835018711824184],[-74.04082420922462,4.83491603784863],[-74.04084132806952,4.834861397939956],[-74.04086624908335,4.834803435391075],[-74.04088661283782,4.83478086103425],[-74.04091860050667,4.834754609810744],[-74.04093370481286,4.834744807053125],[-74.04096894528351,4.834728614064874],[-74.04102379347891,4.834718075822783],[-74.04108594961876,4.834717258768495],[-74.04114724001946,4.834737595678435],[-74.04119911774553,4.834766908415962],[-74.04129213758746,4.834836897881852],[-74.04138479811444,4.834929461409675],[-74.04150348824172,4.835077449867419],[-74.04162664378703,4.835248450030054],[-74.04171966256806,4.835357918097918],[-74.04180552612662,4.835443458657223],[-74.04188125316054,4.835515840255847],[-74.0419569802456,4.835587025029815],[-74.04206113414581,4.835678617067563],[-74.04222402034966,4.835818682756834],[-74.0423303798164,4.835896282735001],[-74.04246872301826,4.83595989605383],[-74.04259321989247,4.836002833137439],[-74.04273669639971,4.836021777465899],[-74.04289559056248,4.836040105710577],[-74.04306981620755,4.83604569241167],[-74.04324712962416,4.83603458519546],[-74.0433999727881,4.836014273350197],[-74.04359563055482,4.835976120669579],[-74.04377601036506,4.83593735736376],[-74.04385033090831,4.835910600025642],[-74.04395210679148,4.835873481548177],[-74.04405809767368,4.835822160466443],[-74.04422083307539,4.835748621112822],[-74.04434231205154,4.835688700308997],[-74.04446236657549,4.835582965071703],[-74.04450888470983,4.8354639336845855],[-74.04448503814959,4.83534549708559],[-74.04440752313866,4.835232441156209],[-74.04425904873023,4.83512057747477],[-74.04414038790583,4.835035035460121],[-74.04404975237945,4.834956671445998],[-74.04397342859006,4.834885486888184],[-74.04389472068529,4.834803535432496],[-74.04383926750141,4.83472577163756],[-74.04378620040475,4.834653391766732],[-74.04373492146765,4.834570245113851],[-74.04368993213585,4.8344668973817795],[-74.04367470578194,4.834358493810264],[-74.04366712523446,4.834263682081688],[-74.04369121866597,4.834141143759326],[-74.0437261593214,4.8339764514023225],[-74.04375039214835,4.833897466704133],[-74.04376739604963,4.83385179741356],[-74.04379909671212,4.833768681908879],[-74.0438142723177,4.833718469366957],[-74.04383697725324,4.833656159600307],[-74.04387600988207,4.833560841100867],[-74.04392761923582,4.833448390563292],[-74.04398337611563,4.8333167024857335],[-74.04404840804045,4.8331981425646315],[-74.04410993476355,4.833104644274029],[-74.0443058567713,4.832780530953055],[-74.04444834649308,4.832530427167612],[-74.04454758148097,4.8323186040912915],[-74.044613740581,4.832127196538493],[-74.04464936554,4.832007247351462],[-74.0446824460631,4.831907714481197],[-74.04471298434459,4.831741826940803],[-74.04473588799763,4.831619324698575],[-74.04476133657752,4.83149171887552],[-74.04477915105286,4.831387081064104],[-74.04480459948775,4.831264579786501],[-74.04482718304254,4.831184506657555],[-74.04486058054727,4.831091036508189],[-74.04491147005919,4.830994056797935],[-74.0449725360077,4.8308996300641285],[-74.04505522892367,4.83077872656212],[-74.04512965181473,4.83070599379728],[-74.04523555875723,4.830623691789135],[-74.04533860353212,4.83054713242381],[-74.04547776068895,4.830455880377948],[-74.04561911295497,4.830365305406895],[-74.04574314807844,4.830275348287716],[-74.04591965781279,4.830193049660759],[-74.04604369111763,4.8301394597932],[-74.04611238597585,4.830116494095798],[-74.04617440226265,4.830105011887899],[-74.04627267271584,4.830104059603563],[-74.04637189714205,4.830117462795365],[-74.04645394744006,4.83014522104941],[-74.04654553787547,4.830180636784364],[-74.04665811733705,4.830224665718696],[-74.04682813266984,4.830296549013935],[-74.0469970028564,4.830361157333559],[-74.04712723244405,4.830425764768654],[-74.04722693171855,4.830486243224172],[-74.04737146717268,4.830662826468079],[-74.04749596777457,4.830839408350342],[-74.04889892437383,4.834053733636788],[-74.04890935724951,4.834080473278748],[-74.04892020465314,4.834107045699653],[-74.04893146568371,4.834133445475821],[-74.048943137638,4.834159664471699],[-74.04895521601044,4.834185698167506],[-74.04896769899895,4.834211538427709],[-74.04898058390027,4.834237178924675],[-74.04899386710996,4.834262615138595],[-74.04900754502361,4.834287839837875],[-74.049021614938,4.834312845790917],[-74.04903607324867,4.834337628477923],[-74.0490509154501,4.8343621815712154],[-74.04906613974012,4.834386498743165],[-74.04908173981093,4.834410573666012],[-74.04909771566261,4.834434400916136],[-74.0491140591851,4.83445797506971],[-74.0491307685762,4.83448128979907],[-74.04914784023151,4.834504338776562],[-74.04916526874429,4.8345271174823745],[-74.04918305141128,4.834549619588819],[-74.04920118102342,4.834571840576055],[-74.04921965667971,4.834593774116451],[-74.04923847117118,4.834615414786206],[-74.04925762089331,4.834636758065527],[-74.04927710134055,4.834657798530677],[-74.0492969071062,4.834678528950006],[-74.04931703368456,4.834698947515503],[-74.04952619612395,4.834908669912512],[-74.04953369617749,4.83491609772248],[-74.04954150893283,4.834923193792191],[-74.0495496172685,4.834929947274058],[-74.04955800856878,4.834936344608758],[-74.0495666657122,4.83494237494867],[-74.04957557337961,4.8349480256383615],[-74.04958471535065,4.83495328673419],[-74.04959407360265,4.834958150100346],[-74.04960363281644,4.8349626039853595],[-74.0496133740682,4.8349666411573216],[-74.04962327843405,4.834970255288329],[-74.04963332789136,4.8349734391465145],[-74.04964350621967,4.834976186404002],[-74.04965379179168,4.834978491636771],[-74.0496641674858,4.834980352132659],[-74.04967461167472,4.83498176246767],[-74.04968510813791,4.834982721737521],[-74.04969563614918,4.834983227230054],[-74.0497061749823,4.834983278040944],[-74.0497167075156,4.83498287416989],[-74.04972721302279,4.834982016520424],[-74.04973767167877,4.834980706900106],[-74.04974806365837,4.834978947116441],[-74.04975837093872,4.83497674078489],[-74.04976857369464,4.834974092424778],[-74.04977865480437,4.834971005651553],[-74.04978859444269,4.8349674876964075],[-74.04979837278442,4.834963543982614],[-74.04980797360885,4.834959182645359],[-74.04981737889305,4.834954410915844],[-74.04982657061403,4.834949238737077],[-74.04983553255109,4.834943674244254],[-74.04984424668127,4.834937727380364],[-74.04985269948722,4.834931411704318],[-74.04986087294593,4.834924737159121],[-74.04986875173782,4.834917715495711],[-74.04987632414783,4.834910361176946],[-74.04988357305405,4.834902686857686],[-74.0498904867414,4.83489470700076],[-74.04989705259368,4.83488643697294],[-74.04990325709352,4.834877890333063],[-74.04990908942696,4.834869084255843],[-74.04991453878006,4.8348600350119835],[-74.04991959614112,4.83485075887226],[-74.04992425069615,4.834841273915277],[-74.04992849433462,4.834831596411825],[-74.04993231984712,4.834821745344504],[-74.04993571912304,4.834811737888039],[-74.04993868765642,4.834801593025104],[-74.04994121643553,4.834791329738248],[-74.04994330455891,4.8347809670102295],[-74.04994494571827,4.834770523823644],[-74.04994613811098,4.834760019161214],[-74.0499468799345,4.834749472909584],[-74.0499471675839,4.834738904955366],[-74.04994700286115,4.834728333377373],[-74.0499463848648,4.834717778966216],[-74.04994531539678,4.834707261608607],[-74.04994379535793,4.834696800287283],[-74.04994182925363,4.834686413081109],[-74.04993941978698,4.834676119876804],[-74.04968940820338,4.833637486837945],[-74.04968318003365,4.833609724927715],[-74.0496773772034,4.833581869015371],[-74.04967200061354,4.833553927236388],[-74.04966705296737,4.833525905918404],[-74.04966253426464,4.833497813196874],[-74.04965844630755,4.833469652687624],[-74.04965478819473,4.833441432526094],[-74.04965156262945,4.833413159943854],[-74.04964876961151,4.833384841268487],[-74.04964641094304,4.833356481923651],[-74.04964448662383,4.833328090948791],[-74.04964299575263,4.833299672863561],[-74.04964194013148,4.833271235803462],[-74.04964132066137,4.833242785192142],[-74.04964113463872,4.833214328261092],[-74.04964138476674,4.833185872241865],[-74.04964207014415,4.833157423462026],[-74.04964319077074,4.833128988249147],[-74.04964474664636,4.833100573834749],[-74.04964673596857,4.833072186546376],[-74.04964915963828,4.833043833615562],[-74.04966308735803,4.832908166067475],[-74.0496624533575,4.832835830987517],[-74.04966165900656,4.83276061143268],[-74.049652888568,4.8326421807000095],[-74.04964491522055,4.832546955923356],[-74.0496294105359,4.832481620682558],[-74.04959602339545,4.832333275421635],[-74.04953640046432,4.832141862371838],[-74.04947438892754,4.832034191158482],[-74.04932412907361,4.8318332027904605],[-74.04912778244726,4.831540282841178],[-74.04909200792648,4.8314625207426865],[-74.04905026981275,4.831378776255217],[-74.04902045693723,4.831315968142202],[-74.04900257053512,4.831256151392139],[-74.04899064689064,4.831199325892176],[-74.04897872353202,4.83112754651557],[-74.04897276388708,4.83105576634866],[-74.04896978497018,4.830995950785997],[-74.04898171398092,4.830912209124961],[-74.04899662416288,4.830864356643215],[-74.04901153361149,4.830807532558292],[-74.04902942592611,4.830744726255923],[-74.04904433525638,4.830693883539903],[-74.0490741530085,4.8306400499694355],[-74.0491073675749,4.830610555945696],[-74.04916523712811,4.830583501214604],[-74.04927184437686,4.8305644472577205],[-74.04941848691507,4.830561677596188],[-74.04956236266798,4.830575561136053],[-74.04968410281334,4.830597769531796],[-74.04980861020242,4.830628305048932],[-74.04993311660397,4.830664390733748],[-74.05007422333243,4.830722681968172],[-74.05021256364952,4.830778196222235],[-74.0503260017977,4.830847587306512],[-74.05042283850338,4.830908651900373],[-74.0504920078228,4.830961388016494],[-74.05056947727542,4.831028002452776],[-74.05064417921979,4.8311029421197995],[-74.05073271391353,4.831213964572925],[-74.05089871649788,4.831438783454892],[-74.05119198922252,4.831782951496067],[-74.05142439429551,4.83205495604868],[-74.05163466539528,4.8322964287135095],[-74.05179513626055,4.832474064340882],[-74.0519390067062,4.832635047306243],[-74.05205797771818,4.832746070030307],[-74.05222121792357,4.832865420462212],[-74.05238722467827,4.832984771797416],[-74.05255876549204,4.83309579607504],[-74.05268603864415,4.833156861667003],[-74.05279117829511,4.8332012727504665],[-74.05289631731608,4.8332262554400405],[-74.05300975762681,4.833251239126608],[-74.05309829698206,4.833262343378776],[-74.0531896028691,4.8332706734639155],[-74.05325047386812,4.833267900055333],[-74.05330304462605,4.833254024347339],[-74.05335008257008,4.833226272185755],[-74.05338881922886,4.833198519012313],[-74.05343308994446,4.8331568886226455],[-74.05348566203823,4.833106932144259],[-74.05353270113932,4.833056975593154],[-74.05356867159507,4.833004242903109],[-74.05360740947233,4.832948735149954],[-74.0536323141182,4.832882125036793],[-74.05365721779073,4.832821065112831],[-74.05366828733469,4.832748903734782],[-74.05366829007868,4.832671191127282],[-74.05366275887302,4.832599028642427],[-74.05365999519465,4.832515764906576],[-74.05365446415955,4.832429725137594],[-74.0536461666025,4.832346461333666],[-74.05363734336942,4.832289133363723],[-74.05363510426972,4.832196586171651],[-74.05364340835312,4.832113322570147],[-74.0536544779543,4.832035610096443],[-74.05366831480758,4.831968998940918],[-74.05368768576972,4.831882960377895],[-74.05370152271709,4.83180802393571],[-74.05372366025769,4.831713659215197],[-74.05375963296206,4.831616518661447],[-74.05380390601599,4.831519379109024],[-74.05384264508572,4.831430565677087],[-74.05388968463396,4.831330651056221],[-74.05395609333071,4.831216859375711],[-74.05402526839332,4.831111394814264],[-74.05409444340266,4.83100870443675],[-74.05419958862163,4.830858833323237],[-74.05433793603376,4.830714514563898],[-74.0545771797026,4.8304950858038955],[-74.05472745358848,4.830339569085711],[-74.05490873556847,4.830169698090366],[-74.05507808966962,4.8300381078743655],[-74.05522120507315,4.829940014655897],[-74.05533331310599,4.829865846586256],[-74.05544064963638,4.8297892857234],[-74.05551220734746,4.829734257257213],[-74.05557661004974,4.8296792287163495],[-74.05564101285195,4.8296122365250325],[-74.05567917814402,4.829557207730275],[-74.05571495819648,4.8294949998209],[-74.05575550896958,4.829418436483754],[-74.05577936339564,4.829358621190843],[-74.05583661271821,4.8292174579360045],[-74.05586762216447,4.82915285724613],[-74.05590578745482,4.82909304298005],[-74.055948723228,4.829045191494323],[-74.05600119921999,4.829004518276001],[-74.0560608290885,4.828987771500522],[-74.05613000106355,4.828968632976548],[-74.05620394258685,4.828966242684152],[-74.05628265366377,4.828980600621777],[-74.05649255033332,4.829038030543228],[-74.05668813519848,4.829102637571878],[-74.05683840243393,4.829128961446913],[-74.05715086454744,4.829150504609804],[-74.05740846668351,4.8291648681743835],[-74.05764698638858,4.8291888015324105],[-74.05782110673077,4.829203162599668],[-74.05805008527223,4.8292270957580765],[-74.05826713919356,4.829241457859282],[-74.05858198686677,4.82922950307556],[-74.05882170083845,4.82920917189807],[-74.05908646003178,4.8291744861760195],[-74.05935956728477,4.829140996294827],[-74.05963505985284,4.829094347658739],[-74.05982349219046,4.829046500021004],[-74.05992049197147,4.829014301073001],[-74.05999204825092,4.828990376704495],[-74.06005644954207,4.82896405957975],[-74.06011846647073,4.8289233860690315],[-74.06018048250316,4.828877927998715],[-74.06022580323597,4.828839646259658],[-74.06027827898663,4.828787009969438],[-74.06032916424569,4.828728291963613],[-74.06039038641667,4.828653024645737],[-74.06044047781906,4.82856689103609],[-74.06045717593439,4.828499897374258],[-74.06046274323919,4.828447159724162],[-74.06046274423835,4.828401699682092],[-74.06045081967476,4.82835145415609],[-74.06042577552846,4.828307189971154],[-74.06039238422785,4.828253354850478],[-74.06035541452388,4.828206697002709],[-74.06032321539635,4.828167217351099],[-74.06029697903132,4.828138505444643],[-74.0602719357981,4.828096633982721],[-74.0602588181241,4.82805954710341],[-74.06025047106252,4.8280128911276465],[-74.06024331619236,4.827968626979721],[-74.06024013711512,4.82792326636247],[-74.06024490968176,4.827851487216733],[-74.06027114806324,4.827786886310764],[-74.06030454227768,4.827739034523827],[-74.06035224827042,4.827679220027669],[-74.06039518270433,4.827648116457363],[-74.06044765738147,4.827626583821284],[-74.06051205850152,4.827612230297206],[-74.06056930280282,4.8276170167767765],[-74.06063370295901,4.827633766910283],[-74.06070048840209,4.827655302500017],[-74.06076727291962,4.82769358628219],[-74.06082213188627,4.827729477309308],[-74.0608650643797,4.827774938325282],[-74.0609008409709,4.827839540255565],[-74.0609223057879,4.827918497632568],[-74.06093900001565,4.8280022404596785],[-74.06095807952086,4.828100339663414],[-74.06100100921887,4.828236720755067],[-74.06103678487986,4.828351568177417],[-74.06108448612201,4.828471201070438],[-74.06112980209367,4.828583656673999],[-74.06117988864324,4.828722430489789],[-74.0612418998843,4.8288707761332095],[-74.06132108397097,4.829085158211134],[-74.0613654466401,4.829178471964954],[-74.0614355690744,4.829304804851313],[-74.06151857050938,4.8294569786674595],[-74.06157008821486,4.8295703915144825],[-74.0615972780581,4.829657962512297],[-74.06161874302141,4.8297182580243305],[-74.06166167476975,4.829818749038963],[-74.06169888162475,4.829933597325614],[-74.06175469148245,4.8300972547521095],[-74.06191800663548,4.830631714641678],[-74.06196272633787,4.830772282711781],[-74.06201042701426,4.830927805558831],[-74.06204948221512,4.831036132800264],[-74.06210583021131,4.831146135939451],[-74.06222806748414,4.831376429937868],[-74.06237713797101,4.831627660950005],[-74.0625083192044,4.831866927395412],[-74.06260074347115,4.832019459923753],[-74.06268124122192,4.832157038575702],[-74.06272457070143,4.832274877024286],[-74.06276273127772,4.832394509796533],[-74.06279612126673,4.832528498040278],[-74.06281997006644,4.8326911981341985],[-74.06284381887116,4.8328491127692095],[-74.06285335757744,4.832973530125393],[-74.06286289539257,4.833102732938208],[-74.06286766261368,4.833251076681896],[-74.0628724298303,4.8333946349676955],[-74.06286765756008,4.833509481426976],[-74.06285334315977,4.833643468823495],[-74.06283425726924,4.833810953521537],[-74.06276269117646,4.834251197587196],[-74.0626911249807,4.8346818707255865],[-74.06264816891789,4.83503472545762],[-74.0626354476369,4.835147423253287],[-74.06263756627925,4.835206963049404],[-74.06265028413259,4.8352622488939465],[-74.06266300109367,4.835323914744769],[-74.06267571895357,4.835381327558812],[-74.06268843680859,4.835432361269888],[-74.06270751399946,4.835468510701932],[-74.06272447172383,4.835517417437199],[-74.06274566841003,4.835559945968215],[-74.06277534483294,4.835600348421854],[-74.06281138061713,4.835645002998378],[-74.06285377665422,4.835685405431898],[-74.06289405230224,4.835719428763147],[-74.06294916612924,4.835742819930973],[-74.06299580200373,4.835753452902471],[-74.06304455734994,4.835755580698487],[-74.06310603227882,4.835742823293838],[-74.06315054862621,4.835727939848027],[-74.06319506495593,4.835704550326534],[-74.06323746178658,4.835674781703579],[-74.06328621796585,4.835645013065311],[-74.06332861477142,4.835606739267778],[-74.06336677258294,4.8355578324335875],[-74.06340281001823,4.835515305608346],[-74.0634346084733,4.835468525754113],[-74.06347064586615,4.835411113749696],[-74.06348972560255,4.835360080885023],[-74.06352152400484,4.835296289784762],[-74.06355968256977,4.835198477088032],[-74.06361056062536,4.835062388837405],[-74.0636402402677,4.834936931871345],[-74.06368899877381,4.834788085413597],[-74.0637101987755,4.834705157022451],[-74.06374623687606,4.834598838246089],[-74.06378814510651,4.834536051381876],[-74.06386706850533,4.834462751591178],[-74.06397942048663,4.8343670665271015],[-74.06402181800995,4.834307528406031],[-74.06407057484518,4.834241611159353],[-74.06410661211966,4.834184199119075],[-74.06414053077582,4.834116154944245],[-74.0641744485171,4.834045984701276],[-74.06419564763422,4.8339928257413805],[-74.06421469126214,4.83395105190934],[-74.06422062880632,4.833933330150272],[-74.06422956614325,4.833886506944205],[-74.0642316872806,4.833843979282844],[-74.06423380753088,4.833805703754094],[-74.0642338082672,4.833756796996875],[-74.06422745058468,4.833712142393797],[-74.06421883915671,4.833667758980119],[-74.06418294284047,4.833282610248031],[-74.0641681053262,4.833197554987156],[-74.06412648927314,4.833008302673517],[-74.06403347273945,4.832645816782912],[-74.06396192402863,4.832265385798742],[-74.06389395124987,4.831935200287198],[-74.06388679852172,4.831791641105393],[-74.06387248998959,4.83168756151523],[-74.0638724930745,4.831504524547621],[-74.06387607304116,4.831418389918856],[-74.06389038556999,4.831346610727487],[-74.06389754219097,4.831278421101489],[-74.06391185562616,4.831210230550542],[-74.0639369015143,4.831120507216634],[-74.06396194832895,4.831041550709029],[-74.06401561780771,4.830937471816987],[-74.06406570967576,4.830804681994222],[-74.06413011334203,4.830671891217149],[-74.0641873602694,4.830567813202762],[-74.06423745136948,4.830492445241333],[-74.06428396325252,4.830445790034073],[-74.06435909875316,4.830399134721887],[-74.06444854433154,4.830374013907698],[-74.06451294569436,4.830377604115151],[-74.06458450121711,4.83039555066139],[-74.06464532343472,4.83043861953957],[-74.06468825643029,4.830503221236352],[-74.0647168776331,4.830571411630362],[-74.06474192049588,4.830653958410568],[-74.0647526523727,4.830718560235331],[-74.06475622925753,4.8307867498268715],[-74.06475622553809,4.83097696498452],[-74.0647598017166,4.831091811430361],[-74.06477411038647,4.831199480548657],[-74.06479199835526,4.831303561010097],[-74.06481346374642,4.831386106896972],[-74.06484566258332,4.831472243185995],[-74.06488859406261,4.83158350172226],[-74.0649207921585,4.8317019375849695],[-74.0649458351825,4.831806018009256],[-74.06497087823013,4.831913687073369],[-74.06500665385074,4.832028534273743],[-74.06503169681842,4.832114669680694],[-74.06504958478506,4.83220439376046],[-74.0650681352476,4.832328045409199],[-74.06507673776818,4.83238668665641],[-74.06507874119137,4.832429277578872],[-74.06507888376746,4.832471914610829],[-74.06507300048176,4.832523402145252],[-74.06506447863714,4.832568578384047],[-74.06505352371582,4.832612533411206],[-74.06503404685606,4.8326821287294655],[-74.06500361587263,4.832774922807592],[-74.0649768354592,4.8328835900504865],[-74.06493909919526,4.833034991094091],[-74.0649135361931,4.8331424362016735],[-74.06489649351046,4.833265755357304],[-74.06488431945945,4.833340234624658],[-74.06487823250933,4.833395178822679],[-74.06486605931322,4.833459891020129],[-74.06485875580302,4.833509950332494],[-74.06484780003042,4.833572220078888],[-74.06483440940586,4.833640595044611],[-74.06482223618055,4.833700423254248],[-74.06481614921191,4.833752925005887],[-74.06481127966516,4.833801763988279],[-74.06480884405214,4.833840835891089],[-74.06480519192725,4.833886012104229],[-74.06480275720955,4.833923861880361],[-74.06480032162638,4.833970259310835],[-74.06479788604798,4.834017877963853],[-74.06479545135504,4.8340618329489535],[-74.06479788460956,4.834104567594756],[-74.06479544904076,4.834154626884936],[-74.06479666578855,4.834204687967501],[-74.06479788161487,4.834249864159555],[-74.06480153318485,4.8342864935908585],[-74.06480274903731,4.834337774991889],[-74.06480761724387,4.834397603127715],[-74.06481126709014,4.834452547282114],[-74.06482587299666,4.834508712612346],[-74.06484778086076,4.834569761897299],[-74.06487455849826,4.834633253605499],[-74.0648976838318,4.834699186869766],[-74.06492932954922,4.834788318805021],[-74.06495854118745,4.834853031721328],[-74.06500235867989,4.83495559433497],[-74.06503522089564,4.835030075203875],[-74.06506808401411,4.835103333944518],[-74.06510338117099,4.8351875827712565],[-74.06513867911151,4.835244969219036],[-74.06517032561895,4.835298692918537],[-74.06520075464941,4.8353438698722355],[-74.06523605255896,4.835391489245937],[-74.06527378530198,4.835428119410528],[-74.06531151807326,4.835469632655347],[-74.06534438192396,4.835498937312657],[-74.06538333118192,4.8355282410334555],[-74.06542958418417,4.8355563243957524],[-74.06547827202235,4.835574640673465],[-74.06552209097921,4.835589293305771],[-74.06557199622462,4.835600282234925],[-74.06562920431828,4.835611272024567],[-74.06567667555836,4.835617377876903],[-74.06572901474946,4.835621042157485],[-74.06577648506246,4.835622264016551],[-74.06583125998976,4.835617380621452],[-74.06587629626435,4.835608834514913],[-74.06592985278289,4.835592962827726],[-74.06598949647699,4.835572207113598],[-74.06604427125895,4.835544125896251],[-74.06611000025246,4.835507496953085],[-74.06616112354867,4.835470868998689],[-74.06620007429105,4.8354440081857994],[-74.06625606641778,4.835403716525818],[-74.06629745109453,4.83537075048288],[-74.06633761923528,4.8353390056678744],[-74.06637291849378,4.835304819341154],[-74.066407001193,4.835268189671503],[-74.06643251943967,4.835230102002217],[-74.06645637311318,4.835167295207224],[-74.06647724484922,4.83509551682943],[-74.06649811650081,4.835011774808474],[-74.06653091543599,4.834898124955799],[-74.06657265911561,4.834790456409265],[-74.06662036556226,4.834673816216699],[-74.06670981414156,4.834494369994039],[-74.06681417019958,4.834311933418843],[-74.06694834287042,4.834099587952043],[-74.06705269884917,4.833923132707522],[-74.06714214856204,4.833683870017862],[-74.06722563531163,4.833435635759072],[-74.06732104777613,4.833202354365475],[-74.0673806803976,4.833067769910703],[-74.06743870264025,4.832930373306572],[-74.0674616036647,4.832759539347306],[-74.06748021135768,4.832551379939442],[-74.06750025073477,4.832317379590921],[-74.06750311442892,4.832192484012389],[-74.06750025395198,4.832048925739061],[-74.06750454964408,4.831935514703129],[-74.06750168858304,4.831830717368071],[-74.06750025857349,4.831731661846696],[-74.06749453685305,4.831570876309718],[-74.06748738580784,4.831283759768821],[-74.06746306150379,4.830955010608427],[-74.06743301183164,4.830677942443317],[-74.0673900807702,4.830438199862769],[-74.0673399954896,4.830179793688523],[-74.06730135803407,4.830008959304492],[-74.06725270170766,4.8298266395360105],[-74.06719545942204,4.829645755286169],[-74.06715539034143,4.829502196384089],[-74.06711532124503,4.829354330205472],[-74.06706523551696,4.829131814031879],[-74.0670208733182,4.8289638496789],[-74.06699654559733,4.828861923406135],[-74.06697364895541,4.828770045317495],[-74.06695647645692,4.828698266289178],[-74.06694645910633,4.828648020863808],[-74.06693787364503,4.828596339067167],[-74.0669307183125,4.828548965437404],[-74.06692499493154,4.828508769079802],[-74.06691927061868,4.828464265448465],[-74.06691784012484,4.828409713589483],[-74.06691497954613,4.828356596293548],[-74.06691927303913,4.828302044392368],[-74.06695479487112,4.828197906636873],[-74.06696650218306,4.82817284300817],[-74.06698510761542,4.828142695569865],[-74.0670122998496,4.828102499870742],[-74.06705237109897,4.828069482260381],[-74.06709530530273,4.828045078269334],[-74.06714110157198,4.828030722449727],[-74.06718832890152,4.828024981163383],[-74.06724843531694,4.828035030699472],[-74.06729852481828,4.82805225849635],[-74.06734145845196,4.828070921803152],[-74.06738439130142,4.828103941480985],[-74.06742732420119,4.828142702982381],[-74.06747455107744,4.8281915126420785],[-74.06752893295443,4.828241759503926],[-74.06760907467496,4.828303490702995],[-74.06769923427592,4.82836378635087],[-74.06778080788726,4.828421211147529],[-74.06787239851586,4.828481506759823],[-74.0679353672277,4.828520268053005],[-74.0680226656905,4.828569079126303],[-74.06810710124422,4.828615019301198],[-74.06819010578569,4.828658087661635],[-74.06827454130834,4.828698285085379],[-74.06834609688158,4.8287298689770655],[-74.06840334236375,4.82874853298481],[-74.0684863467748,4.828774374022259],[-74.06857507609764,4.828801651354028],[-74.06864090757799,4.828820315257581],[-74.06871818785899,4.828830365397131],[-74.06878545112961,4.82883754381203],[-74.0688613003296,4.82883898030647],[-74.06893858138454,4.828836110408006],[-74.06902015537227,4.828827497725778],[-74.06910745420441,4.828814578603606],[-74.06920906384933,4.828795917490722],[-74.06930781234816,4.828772949120129],[-74.06939654205554,4.8287499808454],[-74.06952105021809,4.82871983487723],[-74.06968992277866,4.828679640184772],[-74.06980155105514,4.828650929768759],[-74.06987883186754,4.828629397020099],[-74.06995770410578,4.828610590526571],[-74.06999306616544,4.828597691789175],[-74.07003531650189,4.828587097110536],[-74.07009272115228,4.828575120123139],[-74.0701340532713,4.828567749803016],[-74.07017125192623,4.828562682769414],[-74.07021304275877,4.828558537696462],[-74.070243352289,4.828555773981769],[-74.07027458096768,4.828552549245067],[-74.0703035135795,4.828550706659383],[-74.07033152704255,4.828549325093156],[-74.07035678484488,4.828547943559998],[-74.07038479831908,4.828547483106333],[-74.07041281270014,4.828547483660873],[-74.07044495966521,4.82854702315307],[-74.07047159532054,4.828547483827873],[-74.07050006836604,4.828546563258265],[-74.07052486749767,4.828545641830041],[-74.07056344314746,4.828546103253932],[-74.07060018231438,4.8285484069285785],[-74.07063049193056,4.828552552913168],[-74.07066998681759,4.828559463026452],[-74.07070443002037,4.828570980584381],[-74.07073382148592,4.828582958311475],[-74.07076780433184,4.82860368882757],[-74.07080362561426,4.8286340932826635],[-74.07083393465255,4.828662655578655],[-74.07085551892278,4.828690295969328],[-74.07087526603416,4.828736824207535],[-74.07088720577107,4.828785655787],[-74.070896849395,4.828832183253723],[-74.07090190079664,4.82887456531262],[-74.07090327740625,4.828918789649498],[-74.07089960311556,4.828958867680801],[-74.07089317318017,4.829000328776471],[-74.07088628450725,4.829037182496475],[-74.070881691949,4.8290763394249145],[-74.07087985495052,4.829107664581838],[-74.07087847663433,4.829139450742012],[-74.07087709829993,4.829169855682007],[-74.07087755748321,4.829208551534339],[-74.07087893481204,4.829238956437967],[-74.07088123047357,4.829275349027206],[-74.07088352633463,4.829326944077227],[-74.07088464448293,4.829383680752725],[-74.07087581778569,4.829513520984597],[-74.07088419599833,4.83126073264771],[-74.07087417438689,4.831598094872131],[-74.07087274201645,4.83176892866855],[-74.07088275855872,4.831869420429102],[-74.07090136261101,4.831945505700924],[-74.07091853568204,4.832023027351385],[-74.07094858812007,4.8321249543008475],[-74.07096719218673,4.832201040474219],[-74.07100296971348,4.832314451899549],[-74.07103874633187,4.832426427866222],[-74.07109885257024,4.832591520812143],[-74.07116754528113,4.832786760026814],[-74.07120904701397,4.8329087850034025],[-74.07124625535036,4.8330020991007325],[-74.07127344647384,4.833082491514723],[-74.0713063611043,4.83319016023098],[-74.07133641423657,4.83326911804998],[-74.07137076081423,4.833378222198974],[-74.07139795132522,4.833477278251362],[-74.07141798644682,4.833550493476501],[-74.07143229666067,4.833625143333518],[-74.07145090120304,4.833728505872264],[-74.07146950518916,4.833791671113193],[-74.07149526458196,4.833880678082298],[-74.07151816194443,4.833968248730376],[-74.07155393957498,4.834075917391161],[-74.07160116610775,4.834177844965196],[-74.07165268646034,4.8342711579282955],[-74.07168417042298,4.834331452968798],[-74.07172137953566,4.834406103392062],[-74.07176717487914,4.834492238242974],[-74.07181153987615,4.834561146731854],[-74.07185733576664,4.8346214415550115],[-74.07194177216348,4.834717626732549],[-74.07211780020937,4.834918609685305],[-74.07229115683114,4.83514284919283],[-74.072407078194,4.835290714774031],[-74.07249151396132,4.835394078066087],[-74.07259026180758,4.835506053859871],[-74.07267326717947,4.835587882595404],[-74.07278346403562,4.8356969881701835],[-74.07290367916828,4.835821884487114],[-74.07306253455216,4.835956830150167],[-74.07320564762378,4.8360716778422725],[-74.07335162345453,4.836173605445468],[-74.07347756326787,4.836271226085846],[-74.07357631159331,4.836341569886396],[-74.07380099921805,4.83647364513468],[-74.07397702921902,4.836575572074421],[-74.07410583148459,4.836637302524832],[-74.0742246157991,4.836700468588579],[-74.07429187947,4.836733487377203],[-74.07436629827126,4.836769377844164],[-74.07442783784568,4.8367995249078914],[-74.0745022565554,4.836829672631121],[-74.07463678342098,4.836866998310574],[-74.07477131117534,4.836902888507028],[-74.07488723285887,4.836928729935487],[-74.07507041936766,4.83695026367454],[-74.07524931197064,4.836973233808527],[-74.07544394647847,4.83698759084442],[-74.07568294780162,4.836999076013043],[-74.07588768007759,4.8369912265347566],[-74.07593682206948,4.836989853340392],[-74.0759859505352,4.8369880516753305],[-74.07603506096892,4.83698582153969],[-74.07608415066711,4.8369831620295916],[-74.076133215124,4.8369800740490545],[-74.07618225163607,4.836976558502117],[-74.07623125479635,4.836972614484924],[-74.07628022280247,4.8369682419975355],[-74.0763913621911,4.836951702962797],[-74.0765430633649,4.8369143778478785],[-74.07674628588993,4.8368512124594],[-74.07717133484799,4.836722011072929],[-74.0776092637035,4.836594243674161],[-74.07793848525964,4.836480952450835],[-74.07849901542039,4.836367301107352],[-74.07931893833344,4.83611906325323],[-74.07967374163599,4.835996440064761],[-74.0801716583659,4.835828953039768],[-74.08083475147227,4.835602845997817],[-74.08104703623974,4.835549010435984],[-74.0811639122293,4.835510727996075],[-74.08124978088699,4.835473641428821],[-74.08135353773895,4.835424591600632],[-74.08147756962306,4.835354008425139],[-74.08169104671292,4.835215233935596],[-74.08210368918516,4.834953237462421],[-74.08206075607654,4.835102777480142],[-74.08200828244877,4.835278636884812],[-74.08194149735682,4.835440140337472],[-74.08186397808736,4.835610018195772],[-74.08180911859066,4.835739220807253],[-74.08177811137361,4.835806214492273],[-74.08174233347376,4.835872012403067],[-74.08171609584664,4.8359342213929875],[-74.0816838953964,4.835997626467782],[-74.08166839153385,4.8360383014922155],[-74.08164811754492,4.836096921665102],[-74.08163619231887,4.8361447738654055],[-74.08162545860786,4.836199805119556],[-74.08160995508251,4.836252442879765],[-74.08158968101328,4.836308670322324],[-74.08156821424222,4.836379253264295],[-74.08154555476766,4.8364641917055025],[-74.08153482167035,4.836509652044756],[-74.08152289542497,4.83655391560221],[-74.0815109698731,4.836591001878632],[-74.0815002363938,4.836623302663916],[-74.08147876920145,4.83664842557405],[-74.08145968806114,4.836667567046137],[-74.08141436832321,4.836685511552654],[-74.08137381938133,4.83667713771663],[-74.08133207802484,4.83666158572763],[-74.08129749180819,4.836648426259799],[-74.08127363892913,4.83662928511528],[-74.08125813499888,4.836605359179283],[-74.08124740154723,4.8365754517383035],[-74.08123428212961,4.836522812994854],[-74.0812271261468,4.836490512723315],[-74.08122354870136,4.836461800990202],[-74.08121997008433,4.836423519248003],[-74.08122116318366,4.836391217834646],[-74.08121519944748,4.836360114345007],[-74.08120565827997,4.83633259869352],[-74.08119492513916,4.83631345807663],[-74.08116987996277,4.83629072741775],[-74.08113171620133,4.836276372130624],[-74.0810863966088,4.836266801596235],[-74.08103153576167,4.836258428143919],[-74.08097786826148,4.836258427846627],[-74.08093016351664,4.8362548396414455],[-74.08089080694984,4.836251250295442],[-74.08085502885075,4.836248858567271],[-74.08082282818535,4.836242877193103],[-74.08078824209896,4.836233306339415],[-74.08076319726943,4.836222539306719],[-74.08073338176335,4.836210576493303],[-74.08070714385684,4.836201006307715],[-74.08067971374057,4.836191436154104],[-74.08065824661114,4.836186650387209],[-74.08063916477126,4.836180668641614],[-74.0806129270311,4.836177079821076],[-74.08058549721164,4.836178276488889],[-74.08056283733129,4.836186651209263],[-74.08054017751562,4.836197417753239],[-74.08052825216494,4.836210577634136],[-74.08051751822103,4.836227326122597],[-74.0805103627758,4.8362464672410415],[-74.08050320746055,4.836270393815938],[-74.08049724438801,4.836295516270249],[-74.0804948589135,4.836323031354749],[-74.0804900884743,4.836363706961962],[-74.08049008835465,4.836392417893209],[-74.0804888961869,4.836427111129716],[-74.08048651181856,4.836495301690442],[-74.08048412642874,4.836592203182126],[-74.08048412674246,4.836669964590188],[-74.0804829342588,4.836726191476584],[-74.08048531972346,4.836764473255162],[-74.08048770496049,4.836794381840776],[-74.08049724640983,4.836866160714454],[-74.08050440285099,4.83691640600317],[-74.08051155803342,4.836953491738508],[-74.08051632898855,4.836997755723793],[-74.08052706280648,4.837042019545355],[-74.0805366043158,4.837082693855141],[-74.0805521077227,4.837120976176627],[-74.08057119047132,4.837159258399247],[-74.08059504290674,4.837195147761704],[-74.08061770219844,4.8372298412440635],[-74.08066182968835,4.83727410504521],[-74.08068687488411,4.837296834818202],[-74.08071907535644,4.837326742576445],[-74.08074889153863,4.837361435855713],[-74.08077035813518,4.837378184356436],[-74.08078824739239,4.837402110236662],[-74.08080017455404,4.837421251730044],[-74.08080971478634,4.837447570570322],[-74.0808168705939,4.837473889476935],[-74.08081925598066,4.837508582613105],[-74.08082164173234,4.837556435302216],[-74.08082044994434,4.837604288091007],[-74.08081210110765,4.8376461597107845],[-74.08080017579618,4.837694011894545],[-74.0807858645522,4.837752631873155],[-74.08075962706334,4.8378256076479245],[-74.08073935274552,4.837877049606596],[-74.08071669326131,4.837934472999146],[-74.08070357442803,4.837967969749001],[-74.08068687828178,4.838009840694167],[-74.08066183336145,4.838063675510501],[-74.08062963256407,4.838088798689687],[-74.08060458735754,4.838099565301278],[-74.08058073510156,4.838104350510718],[-74.08055688274717,4.838105547079099],[-74.08053183788503,4.838095976854716],[-74.0805151410932,4.838081620944162],[-74.08050560025556,4.838066068924896],[-74.08049963730781,4.838030179070168],[-74.08050440679139,4.837987111640665],[-74.080504406682,4.837950025710264],[-74.08049963685002,4.837914135822693],[-74.08049128793539,4.837887816945749],[-74.08047816913641,4.837856712742968],[-74.08045550925479,4.837833982897448],[-74.08043165655248,4.837822019908486],[-74.0803970703913,4.837812449939518],[-74.08037083349066,4.837808861109971],[-74.08033982525976,4.837813646505697],[-74.080277809183,4.837837572757913],[-74.08022652672355,4.837865088258851],[-74.0801668953531,4.837899782165169],[-74.08012276890099,4.837928493377677],[-74.08004763352687,4.837970364970174],[-74.07994506915013,4.838013433196395],[-74.07985085212185,4.8380588930105155],[-74.07976379087972,4.838097176246605],[-74.07971131594752,4.838116317643311],[-74.07966838130247,4.838130673329928],[-74.07963141030434,4.838140243401697],[-74.07956343108417,4.838155796551647],[-74.07949306643926,4.8381677593085],[-74.07943104980889,4.8381725454658655],[-74.07938334512154,4.838176134432923],[-74.07934279651266,4.8381833118529745],[-74.07930701766006,4.8381904900522],[-74.07927004671443,4.838202453736353],[-74.0792426162744,4.838218005814985],[-74.07921160856272,4.838244324808455],[-74.07917821470889,4.838274232501503],[-74.07914482196479,4.838312515193343],[-74.07911739206043,4.838349600916182],[-74.07908996155315,4.838398650278598],[-74.07906730167191,4.83844650270313],[-74.07904583496328,4.838496748728764],[-74.07902794591655,4.8385517792156785],[-74.07900767144642,4.838603221121972],[-74.07898739700316,4.838655858939685],[-74.07896473728563,4.838710889544823],[-74.0789516184708,4.838749171716572],[-74.0789361146815,4.838801810316593],[-74.07892895871147,4.8388388964260045],[-74.07892418798272,4.838872392931324],[-74.07892299587424,4.838948957548708],[-74.07891345507684,4.839006380550535],[-74.07890391415869,4.839059018999904],[-74.07889198778761,4.839106872052626],[-74.0788740985341,4.8391547243503386],[-74.07885382379689,4.83919659533888],[-74.07883354960225,4.839224110862219],[-74.07881089007313,4.839251626444389],[-74.07878584506125,4.8392731598130005],[-74.07876079987052,4.839287515900372],[-74.07873694776636,4.839300676045154],[-74.07870713176014,4.839309049976754],[-74.07867970186983,4.839312639295817],[-74.07865346407777,4.839311443128177],[-74.0786308037762,4.83930785414324],[-74.07860695213078,4.83930306837087],[-74.07858071419307,4.83929589083219],[-74.07854851322811,4.839282731166648],[-74.07850796384602,4.839261197607642],[-74.07847934121776,4.839243252395037],[-74.07840301365577,4.83918463286957],[-74.07831237393981,4.839118835497412],[-74.07828732898547,4.839105676550154],[-74.07826824699832,4.839096106098321],[-74.07824558734929,4.839081750275957],[-74.0782157717903,4.839070983265099],[-74.07818834165003,4.839063804835831],[-74.0781668744758,4.839060216710603],[-74.078135865973,4.839056627005177],[-74.07810962836209,4.839062609000713],[-74.07808100544685,4.839069786964224],[-74.07805476797647,4.839081750325906],[-74.07802256680853,4.83909730246849],[-74.0779867883166,4.839122424702822],[-74.0779343128316,4.83916190369857],[-74.07789614914051,4.839193008256638],[-74.0778627560835,4.8392229158843145],[-74.07782339935241,4.839257609106498],[-74.07776734581441,4.8393150322779155],[-74.0777005588838,4.839379633878903],[-74.07766001027821,4.83942987939978],[-74.07762303845317,4.83948610620354],[-74.07760514947888,4.839511228906695],[-74.07759203106104,4.839531566042925],[-74.07758010414999,4.839560278151587],[-74.07757533400391,4.839583007822571],[-74.07757652687958,4.83961171962792],[-74.07757891191697,4.839638038677623],[-74.07758606762317,4.839664357617042],[-74.07759322338494,4.8396930692844045],[-74.07760157128145,4.839718192283973],[-74.07761230524913,4.839736137043995],[-74.07762900226878,4.839761259849787],[-74.07764569855402,4.839793559935406],[-74.07766478099406,4.839822272228969],[-74.0776826702623,4.83984859091772],[-74.07770533022975,4.839876106310874],[-74.07772799008808,4.839898836247133],[-74.07776019052663,4.839927548231751],[-74.07779954694603,4.839955063231154],[-74.07783294036894,4.83997779291221],[-74.07787468198974,4.83999932738699],[-74.07792018659433,4.840012004066495],[-74.07799293639972,4.840021574160877],[-74.07805018169329,4.840019181880438],[-74.07809311677543,4.840016789032939],[-74.07813724317332,4.84001439615421],[-74.07817182924397,4.840016788957544],[-74.07821476379604,4.84002994838259],[-74.07824100198735,4.84004669684734],[-74.07826127636145,4.840062249542862],[-74.07828393624447,4.840084979460303],[-74.07830421079315,4.840107709434662],[-74.07831494414326,4.840136421007406],[-74.07831494489122,4.8401675255677405],[-74.0783101741807,4.840203414795586],[-74.07829614603756,4.840241462854822],[-74.07828194636754,4.840266702998274],[-74.07826604704688,4.840288353638411],[-74.07824100200834,4.840311083802364],[-74.0782123792708,4.840327831779425],[-74.07818375644622,4.840340992019172],[-74.07810981340788,4.840366114270331],[-74.0779237640067,4.840428323290952],[-74.07782716210109,4.8404749796941795],[-74.07763992036153,4.840612556433],[-74.07760903778887,4.840641062882619],[-74.07752126097006,4.840735811333604],[-74.07746658617528,4.840838620347167],[-74.0774338468356,4.840929414593607],[-74.07741349952299,4.841035520386901],[-74.07741290336685,4.841092944063915],[-74.07742125155968,4.841130628208484],[-74.07745166379588,4.84118266821519],[-74.07751129451863,4.841258633924252],[-74.07760312707535,4.841342376378872],[-74.07767885874865,4.8414225296516165],[-74.07772716012312,4.841491916732517],[-74.07773908585854,4.841566686716189],[-74.077730737742,4.841649830364808],[-74.07768780360723,4.841697683212166],[-74.07760491599703,4.841740153119269],[-74.07755244047637,4.8417485266201705],[-74.07748326798597,4.8417359652614405],[-74.07742004451764,4.841707287421751],[-74.07730974038901,4.841672560580091],[-74.07721194565752,4.841661794163165],[-74.07711534321582,4.84165401793733],[-74.07694241220318,4.841630090899153],[-74.07685773533778,4.84161154845214],[-74.07679154535047,4.841584033085154],[-74.07673549134755,4.841549937714203],[-74.07665081494271,4.841468587714495],[-74.07657150618489,4.841405182595575],[-74.07651366321005,4.841360918828813],[-74.07644031715121,4.841329216533305],[-74.07637830054097,4.841307083996043],[-74.07630674276407,4.841293925063572],[-74.0762638084582,4.841294522573998],[-74.07622802973573,4.841317252890281],[-74.076203580852,4.841368694797498],[-74.07620163181623,4.8414188038229735],[-74.07621073665226,4.841487129708756],[-74.07623518469852,4.841567283319057],[-74.07627811919738,4.841660596088424],[-74.07634490586416,4.841822099737374],[-74.07638307014132,4.841893280545537],[-74.07645164554414,4.842008127306156],[-74.07648205746422,4.8421313480726145],[-74.07650829559473,4.842227652320193],[-74.07652857009339,4.842289861000627],[-74.07652678077781,4.842349078116679],[-74.07650412059851,4.842397528858815],[-74.07647549825425,4.8424388024485925],[-74.07645164545141,4.842468709799407],[-74.07641944437943,4.842498019824106],[-74.07638008708123,4.842518357496519],[-74.07633297881127,4.842530320332074],[-74.0762727512684,4.842526731163223],[-74.07621610117921,4.842517758953756],[-74.0761768691804,4.842497253008948],[-74.07613202151381,4.842447774110508],[-74.07611357564096,4.842393301294427],[-74.07610594257187,4.842290896858639],[-74.07609735614848,4.842191363354312],[-74.07609163142043,4.842074602510333],[-74.076079661126,4.841928800027435],[-74.07607966126122,4.841805164602638],[-74.07607363996422,4.841727114973749],[-74.07605682352188,4.841678853089382],[-74.07600637601013,4.841621219859532],[-74.07596059866559,4.841583267100589],[-74.07589638574635,4.841551303318475],[-74.07583634726453,4.841534536475972],[-74.07577422185635,4.8415242283188],[-74.07571676642111,4.841524696827994],[-74.07566818662701,4.841536410160107],[-74.07563175267532,4.841556089662154],[-74.07560419241902,4.841579985861011],[-74.0755925149665,4.8416066938942945],[-74.07558410618691,4.841643710387873],[-74.07557196133648,4.841685412075227],[-74.07555094138597,4.841743044067292],[-74.07552338197014,4.841809579090399],[-74.07550002577553,4.841844252871448],[-74.07546078854128,4.841874709187435],[-74.0754009980942,4.841915473532858],[-74.0753398061774,4.841947335000319],[-74.07526366680727,4.841974979878926],[-74.07520294224658,4.841989973813237],[-74.07515436247405,4.842004967504946],[-74.07511605940772,4.842019960993089],[-74.07509130258153,4.84204338887555],[-74.07507542020167,4.842063067947603],[-74.07505159758624,4.842118826111464],[-74.07501983327906,4.842182081702411],[-74.07499180678242,4.842237371704585],[-74.07495397028372,4.842288444112551],[-74.0749109960828,4.84232686598331],[-74.07487409427215,4.842341391190121],[-74.07481570455836,4.842356853285649],[-74.07475778305158,4.842351699218674],[-74.07469752561583,4.842338578771813],[-74.07461905113253,4.8423090593905425],[-74.07452516135366,4.842266888749567],[-74.07448358821361,4.8422453350838905],[-74.07443921279312,4.842239711593654],[-74.07439483750197,4.842241117134223],[-74.07434999482149,4.842259391095873],[-74.07431430713267,4.842289396214247],[-74.07423727207461,4.842374395052312],[-74.07415510286819,4.842443939320238],[-74.07408320564825,4.842501893081267],[-74.07405150806439,4.842522719512131],[-74.07401387438908,4.8425315137085985],[-74.07395855266853,4.842525061469695],[-74.07391116359268,4.842508332197538],[-74.07379561360217,4.842455528798015],[-74.0737469511622,4.842436034385629],[-74.07368622699109,4.84242572601271],[-74.07363250943195,4.842425256894915],[-74.07357785656731,4.8424299420521075],[-74.07353908659853,4.842442124207068],[-74.07350872368002,4.842467425994254],[-74.07347649322321,4.8425250590166655],[-74.07344379441629,4.8425976856902],[-74.07342370811807,4.8426712486293075],[-74.07339375256365,4.842807113957831],[-74.07336765273423,4.842979559843335],[-74.07335831025127,4.843071865783701],[-74.07336344788875,4.843136058056809],[-74.07337449051231,4.843238550146526],[-74.07337839429441,4.843345504201905],[-74.07336678649257,4.843448472146054],[-74.07337272015178,4.843530593140785],[-74.0733919392175,4.843650066497957],[-74.07339614254192,4.843724567311432],[-74.07338866856865,4.843788759796635],[-74.0733737200859,4.84383186711569],[-74.0733498968765,4.8438641978176715],[-74.073322804881,4.843878254533248],[-74.07329337616613,4.843890436516493],[-74.073251335743,4.843897464446628],[-74.07320602665463,4.8438932474214695],[-74.07316007661237,4.843874755391584],[-74.07307196555996,4.843818276901124],[-74.0730327280723,4.843791568845996],[-74.07298695101302,4.8437700151583885],[-74.07292575888513,4.843750335584863],[-74.0728309348998,4.843732061270277],[-74.07267604887384,4.843695738034991],[-74.07262423795916,4.843689360658606],[-74.07257593626709,4.84369175324401],[-74.07252912535031,4.843711542118079],[-74.07250258957193,4.84373960533456],[-74.07248171832097,4.843760540898846],[-74.07241552642715,4.843845478793621],[-74.07236185755113,4.8439124723861315],[-74.0723141522243,4.843962119284121],[-74.07226704302644,4.843983652747729],[-74.0722008526328,4.8439920260429865],[-74.07214451350522,4.843991943733237],[-74.07206548880457,4.843993819691828],[-74.0720076458146,4.844004586474863],[-74.07195834869135,4.844031866292842],[-74.07192177596242,4.844067990063377],[-74.07189800413273,4.844106562415508],[-74.07188062974672,4.8441565179826105],[-74.07188131273226,4.844212167198692],[-74.07190313821714,4.844306181102651],[-74.07193138280732,4.844413075144347],[-74.0719506416141,4.844492923448687],[-74.07194807210333,4.84459337647202],[-74.07192496223338,4.844668072947626],[-74.07188360700921,4.844701440674687],[-74.07183380508947,4.844722162409749],[-74.07177030619295,4.844718786218286],[-74.071717830927,4.844703233796914],[-74.07167966670286,4.844675718430525],[-74.07165534307693,4.844633297805311],[-74.07164090768902,4.844519598698367],[-74.07162182590547,4.844465165544856],[-74.07157948829104,4.844425686593422],[-74.07151747168174,4.844412527020078],[-74.07146404505339,4.844413071042505],[-74.07141012052824,4.8444452674122696],[-74.0713895768547,4.844503221067183],[-74.07138508754328,4.844584795339531],[-74.07138627936182,4.844685286273524],[-74.07137802005833,4.844798142327152],[-74.07135234112702,4.844887005357994],[-74.0713317974353,4.844944959010432],[-74.07129227802704,4.8449937759049195],[-74.07126503465932,4.845015791726811],[-74.07121785707642,4.845052634236488],[-74.0711392117435,4.845129122148503],[-74.07103393134847,4.845232150976409],[-74.07094919299351,4.845287529249944],[-74.07083847740262,4.845368913289349],[-74.07076045940016,4.845391843640098],[-74.07060639093169,4.845393130131199],[-74.0705427046016,4.845394750804323],[-74.07049977006578,4.845398100445117],[-74.07044967885835,4.845424897458708],[-74.07040912913115,4.845456957988492],[-74.07038098219729,4.8455062465429535],[-74.07034949653057,4.845559362417341],[-74.0702454966328,4.845747901064988],[-74.07022832223686,4.845805803116674],[-74.07021591792859,4.845886674210564],[-74.07021019285958,4.845957974311563],[-74.07021066869942,4.846034538879775],[-74.07020494354138,4.846098661701341],[-74.07018872334015,4.8461469928291105],[-74.07016248494445,4.846191016806996],[-74.07011907230947,4.846233127352161],[-74.07002509162379,4.846298205794394],[-74.06997070740904,4.846340315557179],[-74.069933539694,4.846376942719468],[-74.06989887384677,4.846436183702782],[-74.06989056101165,4.846463774743663],[-74.0698835431849,4.846495537449612],[-74.06988912920974,4.846552302067755],[-74.06990200894961,4.846588670110777],[-74.06991563931487,4.846621749613043],[-74.0699540071953,4.8466456158715],[-74.06999217132729,4.846661886327276],[-74.07005275714297,4.846680549239662],[-74.0701753597268,4.846710219567742],[-74.07035091454487,4.846765251948539],[-74.07050595711368,4.846806885450069],[-74.07057274463172,4.846819328229977],[-74.07063384477297,4.846817323412883],[-74.0707339892178,4.846809597050674],[-74.07078312554181,4.846802102751648],[-74.07083321544822,4.846806888453407],[-74.07087185654797,4.846840386130393],[-74.0709055243629,4.846888347805627],[-74.07093376977149,4.846992665653633],[-74.07095174357154,4.84707895275792],[-74.07097356932881,4.847196148209941],[-74.07098640673622,4.847296602823612],[-74.07097485126441,4.847368722879082],[-74.07095302438971,4.847439555861614],[-74.0708849770968,4.847503948888706],[-74.07083747200538,4.8475258411202375],[-74.07075915365698,4.847547734655294],[-74.07063846634996,4.847556748495775],[-74.0705062245694,4.847578640885813],[-74.07039324055033,4.847604397350191],[-74.07028667652254,4.8476430321408825],[-74.07020707405681,4.847670076274463],[-74.07012747200501,4.847657197011585],[-74.07006327767543,4.847622423238204],[-74.06994515880709,4.847492347769566],[-74.06990913916125,4.847457205743564],[-74.06984867280003,4.847409830990366],[-74.06979858281179,4.847401217032463],[-74.06974527138371,4.8474094706172375],[-74.06968945580786,4.847432439455983],[-74.06964330073751,4.847465098410351],[-74.06961904821566,4.8474923434198836],[-74.06960107272542,4.847561889105258],[-74.06962289724805,4.847668782402378],[-74.0696806720627,4.847813023351109],[-74.06975000187997,4.847908326690373],[-74.06977054357087,4.847970144155174],[-74.06975000062683,4.848034537418832],[-74.0696703969361,4.848118248544792],[-74.06961947557322,4.8481489026139455],[-74.06954328955797,4.848198094952865],[-74.06949639460454,4.8482331213221155],[-74.06946625486654,4.848267639487641],[-74.06945393560925,4.848310164548767],[-74.06944964206296,4.84835275279618],[-74.06945059505752,4.84839534188911],[-74.06945598174615,4.848437637152391],[-74.06948446519645,4.848487219717138],[-74.06951632333008,4.8485226375128745],[-74.06957153135352,4.848556122421235],[-74.06965241707093,4.8485973357138965],[-74.06971789566634,4.848635972043291],[-74.06981076871837,4.848686578012645],[-74.06986992316548,4.848739216421576],[-74.06993050781084,4.848796162079356],[-74.0700042037277,4.848878904196593],[-74.07002353307077,4.8489119673553756],[-74.07003116538664,4.848945873125307],[-74.07002543993222,4.848988530996011],[-74.0700054860529,4.849028774614671],[-74.06995027736679,4.849097030828408],[-74.06989763706306,4.849173015688687],[-74.06987067342702,4.849245134998997],[-74.0698090447714,4.849384223963309],[-74.06976282216351,4.84951043522331],[-74.06976025342071,4.849628918198112],[-74.06974484492403,4.849744825997893],[-74.06971402938055,4.849868460847885],[-74.0696716590348,4.8499817936319465],[-74.06960489469068,4.850132472943604],[-74.06957993657987,4.850250162510701],[-74.06959281606542,4.850339168750088],[-74.0696314562777,4.85044109560458],[-74.0696476754835,4.850530819532171],[-74.06963932541679,4.850618151012411],[-74.06961547243242,4.850683948122572],[-74.06959281145033,4.850729407487758],[-74.06956180194804,4.8507605114862615],[-74.06952960100102,4.850782045491253],[-74.06948905064807,4.850790419135754],[-74.06939363921195,4.850780847478702],[-74.06928749475617,4.850753330921914],[-74.06912887364832,4.850701886731786],[-74.06901676597188,4.85064924791446],[-74.06887484424412,4.8505020989141485],[-74.06877163401793,4.850383597137599],[-74.06867149139066,4.850266399698682],[-74.06858932192849,4.850189126355908],[-74.06850274424285,4.850136019863716],[-74.06845026869037,4.850126448558283],[-74.06838944332978,4.850152767335639],[-74.06832997273297,4.850213592170592],[-74.06827219573937,4.850310182247602],[-74.06828760101862,4.8504003328754335],[-74.06832868404737,4.850498211941303],[-74.06837362059805,4.850611543810271],[-74.06839420615918,4.850742552442346],[-74.06840443104795,4.850870406424416],[-74.06839800993663,4.8509296479562645],[-74.06837618254534,4.850986314311949],[-74.06831712261992,4.851027524561503],[-74.06825549514663,4.851054569197045],[-74.06818310424613,4.851087089086967],[-74.06813897556441,4.851119389052866],[-74.06811683086237,4.851167900062431],[-74.06808986702843,4.851247747074878],[-74.06806860660838,4.851323958390447],[-74.06806860602033,4.851358651580631],[-74.06809842139386,4.85140650495157],[-74.06817952037167,4.85148426648827],[-74.06823080319704,4.851527335103664],[-74.06831667243776,4.851645772039203],[-74.06836914720954,4.851751048830272],[-74.0684144659004,4.8518599143245735],[-74.06844308853624,4.851944853607788],[-74.0684931784007,4.852001080858176],[-74.06854684748244,4.852035774428259],[-74.06864106600258,4.852051328486308],[-74.06874465121251,4.852066839951674],[-74.06886918959941,4.852105477568731],[-74.06898217358382,4.852172447452043],[-74.06906947888298,4.852232978828632],[-74.06913100142489,4.852246573422487],[-74.06923881668142,4.852257102253557],[-74.06936189766417,4.8522695454430576],[-74.06945253813757,4.852323141711146],[-74.06951264603317,4.852432247412643],[-74.06954837401122,4.852553663228584],[-74.06952695476976,4.852680124572112],[-74.0695126423036,4.852744246567989],[-74.06950977923773,4.852818897519547],[-74.06947733825555,4.85290120335955],[-74.069426769134,4.852954797576785],[-74.06933231077961,4.853023705003305],[-74.0692197250173,4.853048587155195],[-74.06913385393234,4.853042843542285],[-74.06908424010255,4.853019873165234],[-74.06905084712812,4.852987333512864],[-74.06900013924368,4.852873048101791],[-74.06896290685995,4.8527957761471034],[-74.06888458869773,4.852724941565746],[-74.068793239349,4.852705956159547],[-74.06867397465889,4.852686812830796],[-74.06855089361297,4.852674369516133],[-74.0684583441311,4.8526762822480976],[-74.06838630824446,4.852721262957704],[-74.06836483946515,4.852778685903831],[-74.0683820127767,4.8528562075706985],[-74.06848219352113,4.852966749338049],[-74.06855947560588,4.853065804959145],[-74.06862673971078,4.8531892661261375],[-74.06862816980595,4.8532754015786335],[-74.06859891410632,4.853428638552182],[-74.06774986251392,4.852954639640193],[-74.06755739558244,4.85285326177098],[-74.06751297342078,4.852829863671736],[-74.06661862999155,4.852358787039302],[-74.06631766281684,4.852171968314112],[-74.06588778492258,4.85190513080326],[-74.06501557357022,4.851412072618922],[-74.06347964774142,4.850673187943051],[-74.06398714099466,4.84946764789866],[-74.06354550394441,4.8492624331677],[-74.06219901705586,4.848636761652189],[-74.06202614245335,4.848556432221091],[-74.06147049483397,4.848298238054691],[-74.06146852129903,4.848297320554868],[-74.06120569876111,4.848175194495709],[-74.06049549172762,4.847845179547709],[-74.05939932241812,4.847335816414954],[-74.05935738987708,4.847316330938468],[-74.05929897061924,4.84731277823129],[-74.05919337853543,4.8473063571296064],[-74.05878651107898,4.847071568846097],[-74.0576663528027,4.846423726492009],[-74.05764458908287,4.846410742168267],[-74.05748112555945,4.846313219605564],[-74.0572485329626,4.846174452482823],[-74.05711999726587,4.846097766781428],[-74.05711339182861,4.846093824654462],[-74.05682957793712,4.845930093827999],[-74.056780067816,4.845901532581721],[-74.0567575048086,4.845888164048897],[-74.05668444673752,4.8458448810570625],[-74.05653543793122,4.845756593925792],[-74.05653342926729,4.845755425116044],[-74.05644659443558,4.845704866179564],[-74.0563039739298,4.845621824609436],[-74.05621226751663,4.845568428136186],[-74.05618423094613,4.845552102751821],[-74.05617606112071,4.845547602871701],[-74.05617361984645,4.8455532362015745],[-74.0561692338506,4.845562513294772],[-74.05616922033305,4.8455625413167835],[-74.05615778628967,4.84558602014246],[-74.05586173892812,4.846212593115289],[-74.05566575821948,4.846627378395528],[-74.05566759746826,4.8466284360217085],[-74.05680589710639,4.847282997186016],[-74.0571361199823,4.847480846636317],[-74.05742557937704,4.847654273018967],[-74.05788225255378,4.8479255517394275],[-74.05845081267105,4.848247002987061],[-74.05799328422928,4.849154382043889],[-74.05799227762319,4.8491563779361275],[-74.05760126610082,4.849936459830368],[-74.05760081101633,4.84993625644109],[-74.05743262532772,4.849861100016781],[-74.05720909962749,4.849761214097079],[-74.05703354977283,4.849682767182357],[-74.05682787969964,4.849591457841919],[-74.05670486462886,4.849538138038568],[-74.05623327429448,4.849333730034372],[-74.05614393821126,4.849295008128555],[-74.05602219925538,4.8492455615916175],[-74.05586187643458,4.849180443090424],[-74.05557636783614,4.849064224596786],[-74.05557367518387,4.849063131708764],[-74.05556946408481,4.849061422319774],[-74.05555064976319,4.84905378566259],[-74.05554073164745,4.84904976032685],[-74.05534655882775,4.8489709494125055],[-74.05488212883353,4.848782557434255],[-74.05488089154821,4.84878205483105],[-74.05487885944451,4.848781231321076],[-74.05487848276188,4.848781078551395],[-74.05482303742288,4.848758587054817],[-74.05399125232773,4.848422541041087],[-74.05387220181089,4.848375467892387],[-74.05385325505546,4.848367975816555],[-74.05378365716051,4.84834045635437],[-74.05371958513658,4.848315771706057],[-74.05366465077607,4.848297750100675],[-74.05361745191972,4.848282746839636],[-74.05356349708502,4.848267814902862],[-74.05351326401453,4.848254462190254],[-74.05345930915216,4.848242113703879],[-74.05339776115186,4.848228589092204],[-74.0533934752555,4.848227823401385],[-74.05334309074182,4.848218824950186],[-74.05330588833691,4.848211941881784],[-74.05330221973267,4.848211262976471],[-74.05325275527015,4.848204866971739],[-74.05319794152658,4.848199265456941],[-74.0531532892115,4.84819567533494],[-74.05312638337938,4.848193233444541],[-74.05308130208974,4.84819150904306],[-74.05303828264134,4.848190371322369],[-74.0529848809485,4.848189801135465],[-74.05294681152917,4.848190939593837],[-74.05293262910467,4.848191364256578],[-74.0528755254143,4.848193946048285],[-74.05280066887977,4.848199368676915],[-74.05273951712495,4.8482066201532215],[-74.05264441324961,4.848221410012456],[-74.05254964902997,4.848241751858649],[-74.052455645336,4.848265380425739],[-74.05236251571269,4.8482922658856635],[-74.05227037190285,4.848322377506417],[-74.05222310501263,4.848340721374352],[-74.05218098824757,4.848358328602722],[-74.05213232540751,4.848380236677043],[-74.0520852981502,4.848403230402866],[-74.05203694255144,4.848428387232858],[-74.051988925764,4.848454944266402],[-74.05194684855172,4.848478342116255],[-74.05190044120909,4.848506013724492],[-74.05185230087976,4.848537455634728],[-74.05179643392118,4.84857526658236],[-74.0517693195916,4.848594221783404],[-74.05173548524775,4.848618249789659],[-74.0517218767085,4.848628188397371],[-74.0517206988818,4.8486290489298405],[-74.05165170310522,4.848595928449245],[-74.05105774961885,4.848322846300175],[-74.05010727672811,4.847863822577422],[-74.04937446493823,4.84750991437799],[-74.04914187037514,4.847398405477099],[-74.04885747969689,4.847262064280965],[-74.0488025528929,4.847237179572635],[-74.0485617119897,4.847128063942968],[-74.04838572690268,4.847494576220582],[-74.04869526617101,4.847630762629796],[-74.0484521939933,4.848197820684693],[-74.04817127884586,4.848063391103578],[-74.0479600145674,4.848483817098204],[-74.04829278286776,4.848644255053594],[-74.04822765980137,4.848776684465682],[-74.0480823989336,4.848709923775022],[-74.04803182674826,4.848802085680108],[-74.04766395445645,4.848653990148248],[-74.04770212317061,4.848560379898445],[-74.047549170254,4.848487098816462],[-74.04769309492237,4.848194456018942],[-74.04716896324148,4.8479216322562095],[-74.04698110791601,4.848253242798882],[-74.0468855798927,4.848208017496485],[-74.04672389629788,4.848556879324958],[-74.0469528785889,4.848646852619263],[-74.0467773045011,4.849034452467732],[-74.04734670069043,4.849247063395801],[-74.04734657992726,4.849247429488624],[-74.04734648439818,4.849247719651081],[-74.04696311756459,4.850405616845213],[-74.04696309593531,4.850405681024432],[-74.04615441658918,4.850112252961167],[-74.04609224427321,4.850089693700784],[-74.04604731213291,4.850179477320393],[-74.04585989618843,4.8505539740314365],[-74.04616792942785,4.850736311269118],[-74.046157923417,4.850754421459016],[-74.04607619998163,4.850902332033682],[-74.04597180040628,4.851096269746003],[-74.04581079581828,4.85141602178247],[-74.04581053627142,4.851416537925589],[-74.04576855975286,4.851395380223659],[-74.0449559555717,4.852817823480452],[-74.04412015057025,4.854225203641099],[-74.04413589043797,4.854289805877713],[-74.04418597223709,4.854480740845175],[-74.04419244159367,4.854485094386324],[-74.04557777030703,4.855510330178873],[-74.0457341516099,4.8551730977537035],[-74.0461956730462,4.854177835482286],[-74.04720741958725,4.854890595381054],[-74.04706066796963,4.855231466720406],[-74.04707303638519,4.855236075274776],[-74.04733098434892,4.855332185910445],[-74.04731553527539,4.855432898861864],[-74.0478250061735,4.855624978699875],[-74.04846631270875,4.855866762987904],[-74.04799515195356,4.857470412850883],[-74.04709462481553,4.857128988492539],[-74.04701428712777,4.85709852849188],[-74.04661354390149,4.858113742553924],[-74.045824611546,4.860112361450366],[-74.04579437084865,4.860188971367761],[-74.04611621615234,4.860374102997466],[-74.04599557798028,4.860712452666818],[-74.045994670438,4.860714998137631],[-74.04559480689191,4.8605622038871],[-74.04546674133803,4.860513267839855],[-74.04524167671379,4.861137016378536],[-74.04531866605171,4.861166720812492],[-74.04518836407301,4.861576613244666],[-74.04526535450562,4.861600377901408],[-74.0449396041085,4.862420161063246],[-74.04516985299229,4.86248932268151],[-74.04498131915899,4.862977095177252],[-74.044979463515,4.8629818959503375],[-74.0444697020476,4.862762250170867],[-74.04446345065257,4.862759556270731],[-74.04427069087245,4.863202832961651],[-74.04324572357456,4.862825834749368],[-74.0430620962483,4.863307488975247],[-74.04284509254649,4.863215773737228],[-74.0427974873935,4.86332745946546],[-74.0427759811643,4.86337791491745],[-74.04270574872632,4.863347938301687],[-74.04269219337537,4.863342152705531],[-74.04264859956923,4.8634454617352185],[-74.0425996956502,4.863561353439169],[-74.03791159137279,4.86426682631595],[-74.03792771294584,4.864230556343248],[-74.03778858786359,4.864008195061257]]]]},"properties":{"area_1":"854.45629609","area":"854.456295289","shape_area":"8544562.9609","objectid":"8","nombre":"Vereda La Balsa","shape_leng":"29510.3412846","id":"0","perimetro":"29510.3412846","shape_le_1":"29510.3412642","cod_vereda":"0007"}},{"type":"Feature","geometry":{"type":"MultiPolygon","coordinates":[[[[-74.07556340620631,4.911621733196456],[-74.07452375553679,4.911421300021744],[-74.07292429002841,4.9115415483759834],[-74.07196461014522,4.911581626913362],[-74.07104598912757,4.911502799549672],[-74.07040730344599,4.91088036641897],[-74.06980688155089,4.910295460995073],[-74.06924845080965,4.909751814797855],[-74.06873574038231,4.909253160256137],[-74.0682724785226,4.908803225281627],[-74.06786239528704,4.908405745017328],[-74.06750921713297,4.908064447371694],[-74.06721667503597,4.9077830665744475],[-74.06698554391248,4.907562567202799],[-74.06680478702265,4.907392861456623],[-74.06666041610637,4.907261095481338],[-74.0665384411389,4.907154413594257],[-74.06642487212122,4.907059964618346],[-74.06630572177679,4.9069648928462275],[-74.06616700014278,4.906856344368054],[-74.06599471817883,4.90672146706886],[-74.06577919570314,4.9065511583242705],[-74.0655279851651,4.906351327996744],[-74.06525295053329,4.9061316381781],[-74.06496595304726,4.9059017527841915],[-74.06467885481716,4.905671332134467],[-74.06440351882195,4.905450041088567],[-74.06415180710852,4.905247540005869],[-74.0639355807968,4.905073493781583],[-74.06376368275228,4.90493511042704],[-74.06363287027679,4.904829788451996],[-74.06353688065118,4.904752472171444],[-74.06346945117194,4.904698107698395],[-74.06342431734393,4.9046616402350365],[-74.06339521918522,4.904638013171188],[-74.06337589311318,4.9046221744137615],[-74.06336007554728,4.904609067348549],[-74.05820765271135,4.90018655932334],[-74.05698780628069,4.902479313204219],[-74.05660897953126,4.902495577559845],[-74.05626517627101,4.9024161556496555],[-74.05596623585589,4.902286550042654],[-74.05563645385482,4.902138080634921],[-74.05537392299456,4.9018602554966835],[-74.0551843477991,4.901664627879333],[-74.0549129607475,4.901318695262095],[-74.05476951297256,4.901163219123469],[-74.05456735229055,4.900986784507398],[-74.05429084395891,4.900737288197361],[-74.05373808029798,4.9003087038659405],[-74.05328313958216,4.899918158056565],[-74.05306780491486,4.899789005095816],[-74.05274801182036,4.899533979984572],[-74.05230400214236,4.899152109649174],[-74.05188147789677,4.898788716735906],[-74.05144038642723,4.898409354292603],[-74.05108340592827,4.898245108481535],[-74.05027912371528,4.897875059783818],[-74.0500821565387,4.897784435631284],[-74.04975291369213,4.897518745152877],[-74.0495169958787,4.897327436791782],[-74.04864856739984,4.8969170448916906],[-74.04865419401514,4.896902694986752],[-74.04865753368323,4.896870310568237],[-74.04865204947897,4.896838094107059],[-74.04862557347313,4.89678712955329],[-74.04857333533062,4.8967261154051],[-74.04851101900451,4.896656342794787],[-74.04842323983502,4.896528093911576],[-74.04833137742104,4.896347411101843],[-74.0483034703477,4.896295011051969],[-74.04828665439491,4.896253378033497],[-74.04827162831394,4.896209592774563],[-74.04826196878314,4.896176932390764],[-74.04826319346716,4.896136293167832],[-74.04828093643127,4.896105872398068],[-74.04829882779174,4.896090440732001],[-74.04833210458553,4.896085776184768],[-74.04836538099552,4.8961001332047935],[-74.04843484381729,4.896131169515507],[-74.04852310325434,4.896170651689374],[-74.04864118139645,4.896211331258564],[-74.04876402985937,4.896244833632505],[-74.04885467599814,4.896272352189191],[-74.04892385391148,4.896265178077244],[-74.04898945554176,4.896223308937786],[-74.04903597287364,4.896182636238311],[-74.04916598210747,4.896139574217457],[-74.04930076027422,4.896113261329967],[-74.0494387421641,4.896092796954494],[-74.04958329988267,4.896092803253701],[-74.04978081435111,4.89608850502841],[-74.04989102229707,4.896072717934255],[-74.04992251140808,4.896048313979824],[-74.04994541408895,4.8960009408034],[-74.04993825936377,4.895946388915698],[-74.04991822461757,4.8958789159056995],[-74.04987099553028,4.895811441501411],[-74.04978655429336,4.895735351889313],[-74.04975077513637,4.89567362040274],[-74.04972389356594,4.895571718067619],[-74.04972215910105,4.895451104671785],[-74.04974220146619,4.895344872423795],[-74.04975079428881,4.8952127990879575],[-74.04974936842635,4.895070676489224],[-74.04974651088166,4.894958701103792],[-74.0497150263684,4.894881178797268],[-74.04963439954349,4.894837121184851],[-74.04951788940099,4.894812873605821],[-74.04938154339702,4.894838306977549],[-74.04926080623376,4.894926274151791],[-74.04918446850475,4.895016233526762],[-74.04915202298686,4.895100452821413],[-74.04914629033217,4.895289949776208],[-74.04915773538134,4.895408624412052],[-74.04915773078912,4.895508157939677],[-74.04913101091783,4.895580892807804],[-74.0490756657462,4.895644056228861],[-74.04900123877454,4.895672764772525],[-74.04890391203284,4.895688073788136],[-74.04878463954921,4.895708884629895],[-74.04869279933166,4.895729217810429],[-74.04856994655303,4.895781850779421],[-74.04848526199022,4.895803379984311],[-74.04837314610356,4.895822516803038],[-74.0482813066102,4.895805764059235],[-74.04822525024784,4.895781835672291],[-74.04817396441878,4.895739962399879],[-74.04813758845579,4.895695098299899],[-74.04811075495527,4.895634085541105],[-74.0481000240741,4.895548548369859],[-74.04811553275333,4.8954815551265],[-74.04814535357765,4.895421141943022],[-74.0481930641329,4.89537987182263],[-74.04823421440689,4.895352956101487],[-74.04827894255894,4.895324246133679],[-74.04830697299336,4.8952907503748015],[-74.04831592026657,4.89524828173716],[-74.04831592199037,4.89520760723455],[-74.04831234597894,4.895161548803748],[-74.04830220890398,4.895124462728874],[-74.04828249361536,4.895089734833045],[-74.04824138359501,4.895043708176953],[-74.04817876785967,4.89499322104608],[-74.0480880028737,4.894969889436213],[-74.04798781545436,4.894955529203514],[-74.04789335258799,4.894941169075906],[-74.04781682877777,4.894913889326209],[-74.04777389294706,4.894866992110365],[-74.04776435350043,4.89482583831828],[-74.04776817243608,4.894760758471008],[-74.04778535129081,4.894684195276328],[-74.04781970429919,4.8946258160624305],[-74.04786168908855,4.894598063334388],[-74.04791512368736,4.894578925373803],[-74.04798210689788,4.894575099499188],[-74.04808086423202,4.894579410623134],[-74.04819393219931,4.894619611985342],[-74.04832209689263,4.894685371581824],[-74.0484986146693,4.894800225908757],[-74.04876100794266,4.894915083692238],[-74.04882765705234,4.894946114484005],[-74.04891234017886,4.894946117944597],[-74.04898629046662,4.894910231228244],[-74.04902579551461,4.894812211654183],[-74.04903057274382,4.894678224615256],[-74.04903117277175,4.894593764264823],[-74.04901850990251,4.894538178153839],[-74.04894098532675,4.894485536721125],[-74.0487871250173,4.8944675860258196],[-74.04863638354021,4.894418965640591],[-74.04852356119513,4.894354479156187],[-74.0484281485756,4.894247285543483],[-74.04837281161552,4.894128608195939],[-74.04833465071789,4.893979305768639],[-74.04834801419229,4.89387977341196],[-74.04840717610014,4.8938089537686365],[-74.04852358758113,4.893753449788956],[-74.04862473236861,4.893699859122656],[-74.04878312698538,4.893648185012789],[-74.04892052895052,4.8936252213409706],[-74.04910754695794,4.893629057647443],[-74.04930601523105,4.893617581405549],[-74.04943578486302,4.893588875668821],[-74.0495587333257,4.89355140700446],[-74.04960835099526,4.8935399242894215],[-74.04964651898533,4.893512171377928],[-74.04966097434998,4.893472124471154],[-74.04964938464428,4.893425079701424],[-74.04962266985179,4.893375311991803],[-74.04958464673845,4.893317078691766],[-74.04947969204002,4.893207969604513],[-74.04943580329949,4.893129489779762],[-74.04938619168645,4.893010812618635],[-74.0493698325432,4.892927400513868],[-74.04936315721088,4.892831694127346],[-74.04937270258056,4.892752259835953],[-74.04938580861463,4.89267503212402],[-74.04938602222644,4.892673774750022],[-74.04940514983709,4.8926154023967],[-74.04941946469856,4.892570420892931],[-74.04942137560315,4.8925043846291345],[-74.04941183635566,4.8924488754152495],[-74.04936794928744,4.892332112898559],[-74.04935459373515,4.892258419087549],[-74.04935078311975,4.89212825914886],[-74.04935188592458,4.89195039577183],[-74.04938037452833,4.891839230891372],[-74.04942331527454,4.8917626681296325],[-74.04949120508216,4.891695824972387],[-74.0495435445889,4.891667924986161],[-74.0496103376422,4.891647829864306],[-74.04969349088476,4.891653723258226],[-74.04980799048995,4.891693924376542],[-74.04995302205158,4.891753267817393],[-74.0500598889659,4.89176092878876],[-74.05014767444669,4.891716907644985],[-74.05024348398283,4.891641465737792],[-74.05031943041944,4.891582927116991],[-74.05037668430808,4.89149679454749],[-74.05039386184838,4.8914221449146105],[-74.05037335376099,4.891319103740456],[-74.05033471101639,4.891240302258757],[-74.05030342955686,4.89120483750842],[-74.05025655692337,4.8911786369477595],[-74.05022578507948,4.891170739606387],[-74.05019894869773,4.891171097096335],[-74.05015584964711,4.891185589181337],[-74.0500789931489,4.8912364641800865],[-74.05001983157528,4.891311112155893],[-74.04997212120166,4.89136470489815],[-74.04988148565445,4.891434369791207],[-74.04978797612242,4.891453507185828],[-74.04969255928617,4.891441060931603],[-74.04964008106036,4.891417132726199],[-74.04956756654364,4.89137023417328],[-74.04950554765804,4.891319507628997],[-74.04943494153032,4.891245811848793],[-74.04934143993358,4.891082151180366],[-74.04931568145767,4.8909835735214084],[-74.04933667662887,4.89090988125723],[-74.04942446261408,4.89083523478002],[-74.04959812535957,4.890756764411287],[-74.0497364829819,4.8906792488181186],[-74.04988198382276,4.8905890085862005],[-74.05003942721365,4.890464598765337],[-74.05031614077632,4.890340192793522],[-74.05047119108119,4.890388051762369],[-74.05067855219072,4.890446445168416],[-74.05097689909812,4.89044310283082],[-74.05114149773696,4.890328262861037],[-74.05126793041757,4.890182316824887],[-74.05134665990816,4.889928701023087],[-74.0513644255185,4.889814073797561],[-74.05136061043552,4.889772441053134],[-74.05134534538273,4.88973463721025],[-74.0513243549112,4.889697789643019],[-74.05128618880296,4.889681518148992],[-74.05123694028842,4.889677469529074],[-74.0511759820418,4.88969060639183],[-74.05106529712569,4.889731276403594],[-74.05093982134066,4.8897810388693985],[-74.05076072134648,4.88984357487495],[-74.05063103574173,4.889852107684872],[-74.05054277682527,4.889823392591686],[-74.05042828159365,4.889701363490899],[-74.05037819103683,4.8896104418073],[-74.05034957053431,4.889493201424862],[-74.05030902927015,4.88924436550142],[-74.05033288859023,4.889103201491125],[-74.05041399677225,4.888997928431139],[-74.05053088521481,4.88892376139072],[-74.05065016048083,4.888823276206906],[-74.05073127011688,4.8886797213211715],[-74.05076709253552,4.888561089058399],[-74.05078852830746,4.888478742445016],[-74.05089110746258,4.888332795170316],[-74.05098223264122,4.888269633977106],[-74.05111247998914,4.888167712529863],[-74.051225551728,4.888084453492939],[-74.05138585305153,4.888067232394281],[-74.05166311758295,4.888136185498048],[-74.05190825578069,4.888146209365579],[-74.05207946990049,4.88812643283064],[-74.0522918345338,4.888019893230924],[-74.05237342269398,4.887846190902417],[-74.05238877973264,4.887753312363633],[-74.05237206645307,4.887649810284452],[-74.05228041021657,4.887556135650855],[-74.05219166855365,4.887460013181924],[-74.05213341401479,4.887420826606572],[-74.05205386081276,4.8874075239864245],[-74.05192187922975,4.887428180634673],[-74.05178113833463,4.887478420313698],[-74.05164516592828,4.8875741209021],[-74.05145861332993,4.8876526268634155],[-74.05128574174523,4.887630640359948],[-74.05123217773105,4.8876111008803305],[-74.05114452587925,4.887564696705868],[-74.05111679904003,4.887521701336993],[-74.05109096524737,4.887447469505053],[-74.05113231381124,4.887269039979598],[-74.05122177144838,4.887157785589911],[-74.05127115529595,4.887083592927122],[-74.05141261201796,4.886955615573159],[-74.05153784831846,4.886912553000671],[-74.0516654690566,4.8868790613403235],[-74.05179428044316,4.88689461827165],[-74.05191116266701,4.886961616322743],[-74.0519958444212,4.886986742549325],[-74.05206860020792,4.886968800447927],[-74.05212107978927,4.886943679867863],[-74.05218190948473,4.886889847611815],[-74.05225347575467,4.886802519166184],[-74.05233517946861,4.886668463573144],[-74.05235605639386,4.886575222631549],[-74.05238945565833,4.886478321821039],[-74.052415699335,4.886380224996568],[-74.05245506216238,4.886262987461742],[-74.05246938083843,4.88611464505228],[-74.05244672209038,4.886027312535405],[-74.05240785842939,4.885961245841469],[-74.05237565729978,4.8859026249804565],[-74.05235955787595,4.88585656637934],[-74.0523452475301,4.885797945771886],[-74.05235061678036,4.885744710206413],[-74.05236552710534,4.885692073184231],[-74.05239773232272,4.885651997535353],[-74.05242993651709,4.885620295969941],[-74.05251114479935,4.885585874238783],[-74.05262564672633,4.885526062235706],[-74.0526769341237,4.885482996609628],[-74.05274015041452,4.8854016493529455],[-74.0527954080552,4.88525934489696],[-74.05282484252785,4.885114536176233],[-74.05284167996892,4.884966285085533],[-74.0528538572223,4.884888136160878],[-74.05284168571265,4.884807544464655],[-74.0528127161157,4.884764469598956],[-74.05278826674177,4.884738449399327],[-74.05275069764623,4.884709736186803],[-74.05271253076812,4.884701958177216],[-74.05267257574592,4.884705247058532],[-74.05256723358421,4.884717349330862],[-74.05248135961313,4.88470538359756],[-74.05244200162144,4.884677866253025],[-74.05242330296029,4.884644823424015],[-74.05241560462382,4.88459750123575],[-74.05242211387498,4.8845449309826146],[-74.05244895454024,4.884413336914129],[-74.05246944751511,4.884316579636753],[-74.05250025167597,4.8841196435292655],[-74.05254438622964,4.884003003551411],[-74.05259093458291,4.883923466660112],[-74.05263503574187,4.88387380489621],[-74.05269563419748,4.883835552867423],[-74.05278433811982,4.883827297509563],[-74.05285091630131,4.883837923306485],[-74.0529179196581,4.883863192000983],[-74.05298828693513,4.883909850628426],[-74.05304911341432,4.883937368226162],[-74.05310078305939,4.883941414032918],[-74.05314252790964,4.883931844585265],[-74.05318009862464,4.883903135088466],[-74.05320932158187,4.883866049587637],[-74.05323756413856,4.883820136210134],[-74.05327511728676,4.883754981718367],[-74.05330176214764,4.8836973722581005],[-74.0533156940017,4.883616764632052],[-74.0533107120066,4.883556805428177],[-74.05329640156528,4.883502971190943],[-74.05327016488485,4.883425807052437],[-74.0532504867297,4.8833833370586595],[-74.05324392816419,4.883352232452251],[-74.05325227822306,4.883321128942774],[-74.05327195932261,4.88327447331874],[-74.05331012791423,4.883212864078384],[-74.05338050343056,4.883032821232534],[-74.05339839566845,4.882982576042017],[-74.05342165535306,4.8829419027232435],[-74.05344491407351,4.882906013949812],[-74.05348524247513,4.8828714650274465],[-74.05354569912738,4.882847397520844],[-74.05360928352529,4.882849935667953],[-74.05366854647218,4.882867141061078],[-74.05370191496019,4.882898589489884],[-74.05372695961684,4.882956013390434],[-74.05374842402831,4.883068468114758],[-74.05374841967091,4.883204848019085],[-74.05374328684476,4.883317701054602],[-74.05372932729516,4.883457270786111],[-74.05373886785382,4.883497945420329],[-74.05376695233626,4.883552299580618],[-74.05385336154744,4.883635526238089],[-74.05395593277404,4.883660652434302],[-74.05406804708957,4.883666637830602],[-74.05419805287957,4.883606826640456],[-74.05432208682674,4.8835059168925286],[-74.05440916752568,4.883424993690585],[-74.05444852824262,4.883369965070779],[-74.05447834926632,4.883273064106301],[-74.05449624279153,4.8831809484581825],[-74.05452368764185,4.8828088940249765],[-74.05452976049551,4.882677196586973],[-74.05452141597361,4.882538422959045],[-74.05451664864007,4.882453484329018],[-74.05451903582767,4.8823805094033785],[-74.05454856402652,4.882272625577261],[-74.054604571883,4.882033294018643],[-74.05459727193143,4.8818867637043315],[-74.05457536564283,4.881708484198067],[-74.05455345594139,4.8815961433868384],[-74.05456076530895,4.881456939652184],[-74.05457860002561,4.881380492865965],[-74.05459961196556,4.8813417728906705],[-74.05463585144653,4.88130871625508],[-74.05466916003589,4.881292423125116],[-74.05471695528342,4.881290773953006],[-74.05477087666317,4.88131140873459],[-74.05479736898813,4.8813398821753555],[-74.05482244274378,4.881375947779406],[-74.05484934061418,4.881404428453868],[-74.05491374544235,4.881448694094496],[-74.05499246136552,4.8814929607809985],[-74.05507237159831,4.88151688975843],[-74.05514035469328,4.8815144995327335],[-74.0552178807461,4.881498949859207],[-74.05530614098788,4.881485793007997],[-74.0553812805465,4.881481011007278],[-74.0554480711628,4.881497761636254],[-74.05549100798204,4.881502547500184],[-74.05554229472102,4.881477426636037],[-74.05556614988521,4.881440341882344],[-74.05557807875601,4.8813805265776065],[-74.0555780800964,4.881333869792351],[-74.05556973370733,4.88127644611651],[-74.05555900221185,4.881179544711878],[-74.05555304143084,4.881108961521559],[-74.05555542834331,4.881052734761693],[-74.05557570720956,4.8809534409254605],[-74.05558167290178,4.880885251476959],[-74.05556974898654,4.880802704603572],[-74.05552920030959,4.880711783370921],[-74.05552443197202,4.880625647928677],[-74.05553755427103,4.880539513560834],[-74.05557691577519,4.880468932607618],[-74.0556174696153,4.8803923693980344],[-74.05568664705098,4.880350500517152],[-74.05574628343714,4.8803122201771085],[-74.05582619517239,4.880257191843575],[-74.05589775791931,4.880230875224729],[-74.05594546576386,4.880218913833535],[-74.0560015220943,4.880233271586829],[-74.05606115594252,4.880276341166024],[-74.05613271639697,4.880306251306074],[-74.05619473490745,4.880340945903541],[-74.05625604785699,4.880366999740987],[-74.05631877389911,4.880392391901642],[-74.05640941721957,4.880431873072507],[-74.05649886937532,4.88044503514758],[-74.05676784441894,4.880441146720178],[-74.05774110853,4.88058850723493],[-74.062810792759,4.882888951916942],[-74.06260525551602,4.883197944530851],[-74.06335886024904,4.883506958328059],[-74.06353014164904,4.883232298054688],[-74.06702413852874,4.884674349893495],[-74.06548260736066,4.8874209675138784],[-74.07785955485804,4.894715806815781],[-74.07864743514939,4.894784471540208],[-74.07905850390743,4.89485313694525],[-74.07967510677138,4.895196465501588],[-74.08029171251617,4.895986122846683],[-74.0803551049223,4.896136288718569],[-74.08031662177828,4.89616612786779],[-74.08007213270244,4.89635569938672],[-74.07981194116226,4.896872041221561],[-74.08019504700607,4.898957127503191],[-74.08021383334128,4.9001954722814185],[-74.08072598305036,4.901535828992585],[-74.08074158457507,4.902064193815152],[-74.08066233591313,4.902615917239981],[-74.08039221484451,4.903178917146509],[-74.07992192703604,4.905087756523865],[-74.07972199917643,4.906210157941276],[-74.0791621944308,4.9076532459862685],[-74.0786423729152,4.908495047599768],[-74.07828249586001,4.909898048287539],[-74.07784264476662,4.91134113575422],[-74.0774827655676,4.911621736427864],[-74.07684297906118,4.911822163950069],[-74.07556340620631,4.911621733196456]]]]},"properties":{"area_1":"693.382008697","area":"693.382008697","shape_area":"6933820.08697","objectid":"6","nombre":"Vereda Fagua","shape_leng":"13825.6157699","id":"0","perimetro":"13825.6157699","shape_le_1":"13825.6157699","cod_vereda":"0003"}}], "crs" : { "type": "name", "properties": { "name": "urn:ogc:def:crs:OGC:1.3:CRS84" } } }